timestamp,power,error
26:01.9,0.000902,-0.008098
26:03.0,0.000902,-0.008098
26:04.0,0.000902,-0.008098
26:05.0,0.000903,-0.008097
26:06.0,0.000903,-0.008097
26:07.0,0.000903,-0.008097
26:08.1,0.000903,-0.008097
26:09.1,0.000903,-0.008097
26:10.1,0.000903,-0.008097
26:11.1,0.000904,-0.008096
26:12.1,0.000904,-0.008096
26:13.1,0.000904,-0.008096
26:14.1,0.000904,-0.008096
26:15.2,0.000905,-0.008095
26:16.2,0.000905,-0.008095
26:17.2,0.000905,-0.008095
26:18.2,0.000906,-0.008094
26:19.2,0.000906,-0.008094
26:20.3,0.000906,-0.008094
26:21.3,0.000906,-0.008094
26:22.3,0.000907,-0.008093
26:23.3,0.000907,-0.008093
26:24.3,0.000908,-0.008092
26:25.4,0.000908,-0.008092
26:26.4,0.000908,-0.008092
26:27.4,0.000908,-0.008092
26:28.4,0.000909,-0.008091
26:29.4,0.000909,-0.008091
26:30.5,0.000909,-0.008091
26:31.5,0.000909,-0.008091
26:32.5,0.00091,-0.00809
26:33.5,0.00091,-0.00809
26:34.5,0.00091,-0.00809
26:35.5,0.000911,-0.008089
26:36.5,0.000911,-0.008089
26:37.6,0.000911,-0.008089
26:38.6,0.000912,-0.008088
26:39.6,0.000912,-0.008088
26:40.6,0.000912,-0.008088
26:41.6,0.000912,-0.008088
26:42.6,0.000913,-0.008087
26:43.7,0.000913,-0.008087
26:44.7,0.000913,-0.008087
26:45.7,0.000913,-0.008087
26:46.7,0.000914,-0.008086
26:47.7,0.000914,-0.008086
26:48.8,0.000914,-0.008086
26:49.8,0.000914,-0.008086
26:50.8,0.000914,-0.008086
26:51.8,0.000914,-0.008086
26:52.8,0.000915,-0.008085
26:53.8,0.000915,-0.008085
26:54.8,0.000915,-0.008085
26:55.8,0.000915,-0.008085
26:56.9,0.000916,-0.008084
26:57.9,0.000916,-0.008084
26:58.9,0.000916,-0.008084
26:59.9,0.000916,-0.008084
27:00.9,0.000916,-0.008084
27:01.9,0.000916,-0.008084
27:03.0,0.000916,-0.008084
27:04.0,0.000916,-0.008084
27:05.0,0.000917,-0.008083
27:06.0,0.000917,-0.008083
27:07.0,0.000917,-0.008083
27:08.0,0.000917,-0.008083
27:09.0,0.000917,-0.008083
27:10.0,0.000917,-0.008083
27:11.1,0.000917,-0.008083
27:12.1,0.000917,-0.008083
27:13.1,0.000917,-0.008083
27:14.1,0.000917,-0.008083
27:15.1,0.000917,-0.008083
27:16.1,0.000917,-0.008083
27:17.1,0.000917,-0.008083
27:18.1,0.000917,-0.008083
27:19.2,0.000917,-0.008083
27:20.2,0.000917,-0.008083
27:21.2,0.000918,-0.008082
27:22.2,0.000917,-0.008083
27:23.3,0.000917,-0.008083
27:24.3,0.000917,-0.008083
27:25.3,0.000917,-0.008083
27:26.3,0.000917,-0.008083
27:27.3,0.000917,-0.008083
27:28.3,0.000917,-0.008083
27:29.3,0.000917,-0.008083
27:30.3,0.000917,-0.008083
27:31.4,0.000917,-0.008083
27:32.4,0.000917,-0.008083
27:33.4,0.000917,-0.008083
27:34.4,0.000917,-0.008083
27:35.4,0.000917,-0.008083
27:36.5,0.000917,-0.008083
27:37.5,0.000917,-0.008083
27:38.5,0.000917,-0.008083
27:39.5,0.000917,-0.008083
27:40.5,0.000917,-0.008083
27:41.5,0.000917,-0.008083
27:42.6,0.000918,-0.008082
27:43.6,0.000917,-0.008083
27:44.6,0.000918,-0.008082
27:45.6,0.000918,-0.008082
27:46.6,0.000918,-0.008082
27:47.7,0.000918,-0.008082
27:48.7,0.000918,-0.008082
27:49.7,0.000918,-0.008082
27:50.7,0.000918,-0.008082
27:51.7,0.000918,-0.008082
27:52.7,0.000918,-0.008082
27:53.7,0.000918,-0.008082
27:54.7,0.000919,-0.008081
27:55.7,0.000918,-0.008082
27:56.8,0.000918,-0.008082
27:57.8,0.000918,-0.008082
27:58.8,0.000918,-0.008082
27:59.8,0.000919,-0.008081
28:00.8,0.000919,-0.008081
28:01.8,0.000919,-0.008081
28:02.9,0.000919,-0.008081
28:03.9,0.000919,-0.008081
28:04.9,0.000919,-0.008081
28:05.9,0.000919,-0.008081
28:06.9,0.00092,-0.00808
28:07.9,0.000919,-0.008081
28:09.0,0.000919,-0.008081
28:10.0,0.00092,-0.00808
28:11.0,0.00092,-0.00808
28:12.0,0.00092,-0.00808
28:13.0,0.00092,-0.00808
28:14.1,0.00092,-0.00808
28:15.1,0.00092,-0.00808
28:16.1,0.00092,-0.00808
28:17.1,0.00092,-0.00808
28:18.1,0.00092,-0.00808
28:19.1,0.00092,-0.00808
28:20.2,0.00092,-0.00808
28:21.2,0.00092,-0.00808
28:22.2,0.000921,-0.008079
28:23.2,0.000921,-0.008079
28:24.3,0.000921,-0.008079
28:25.3,0.000921,-0.008079
28:26.3,0.000921,-0.008079
28:27.3,0.000921,-0.008079
28:28.3,0.000921,-0.008079
28:29.4,0.000922,-0.008078
28:30.4,0.000922,-0.008078
28:31.4,0.000922,-0.008078
28:32.4,0.000923,-0.008077
28:33.4,0.000922,-0.008078
28:34.5,0.000923,-0.008077
28:35.5,0.000923,-0.008077
28:36.5,0.000923,-0.008077
28:37.5,0.000923,-0.008077
28:38.5,0.000923,-0.008077
28:39.6,0.000923,-0.008077
28:40.6,0.000923,-0.008077
28:41.6,0.000924,-0.008076
28:42.6,0.000924,-0.008076
28:43.6,0.000924,-0.008076
28:44.6,0.000924,-0.008076
28:45.6,0.000925,-0.008075
28:46.7,0.000924,-0.008076
28:47.7,0.000925,-0.008075
28:48.7,0.000925,-0.008075
28:49.7,0.000925,-0.008075
28:50.7,0.000925,-0.008075
28:51.7,0.000925,-0.008075
28:52.8,0.000926,-0.008074
28:53.8,0.000926,-0.008074
28:54.8,0.000926,-0.008074
28:55.8,0.000926,-0.008074
28:56.8,0.000926,-0.008074
28:57.8,0.000926,-0.008074
28:58.9,0.000926,-0.008074
28:59.9,0.000926,-0.008074
29:00.9,0.000926,-0.008074
29:01.9,0.000926,-0.008074
29:02.9,0.000927,-0.008073
29:03.9,0.000927,-0.008073
29:05.0,0.000927,-0.008073
29:06.0,0.000927,-0.008073
29:07.0,0.000927,-0.008073
29:08.0,0.000927,-0.008073
29:09.0,0.000927,-0.008073
29:10.0,0.000927,-0.008073
29:11.1,0.000927,-0.008073
29:12.1,0.000928,-0.008072
29:13.1,0.000928,-0.008072
29:14.1,0.000928,-0.008072
29:15.1,0.000928,-0.008072
29:16.2,0.000928,-0.008072
29:17.2,0.000928,-0.008072
29:18.2,0.000928,-0.008072
29:19.2,0.000928,-0.008072
29:20.2,0.000928,-0.008072
29:21.2,0.000928,-0.008072
29:22.3,0.000928,-0.008072
29:23.3,0.000928,-0.008072
29:24.3,0.000928,-0.008072
29:25.3,0.000929,-0.008071
29:26.3,0.000929,-0.008071
29:27.4,0.000929,-0.008071
29:28.4,0.000929,-0.008071
29:29.4,0.000929,-0.008071
29:30.4,0.000929,-0.008071
29:31.4,0.000929,-0.008071
29:32.4,0.000929,-0.008071
29:33.4,0.000929,-0.008071
29:34.5,0.000929,-0.008071
29:35.5,0.000929,-0.008071
29:36.5,0.000929,-0.008071
29:37.5,0.000929,-0.008071
29:38.5,0.00093,-0.00807
29:39.5,0.000929,-0.008071
29:40.6,0.00093,-0.00807
29:41.6,0.000929,-0.008071
29:42.6,0.000929,-0.008071
29:43.7,0.00093,-0.00807
29:44.7,0.00093,-0.00807
29:45.7,0.00093,-0.00807
29:46.7,0.00093,-0.00807
29:47.7,0.000929,-0.008071
29:48.7,0.000929,-0.008071
29:49.8,0.000929,-0.008071
29:50.8,0.000929,-0.008071
29:51.8,0.000929,-0.008071
29:52.8,0.000929,-0.008071
29:53.8,0.000929,-0.008071
29:54.8,0.000929,-0.008071
29:55.8,0.000929,-0.008071
29:56.8,0.000929,-0.008071
29:57.9,0.000929,-0.008071
29:58.9,0.000929,-0.008071
29:59.9,0.000929,-0.008071
30:00.9,0.000929,-0.008071
30:01.9,0.000929,-0.008071
30:02.9,0.000929,-0.008071
30:04.0,0.000929,-0.008071
30:05.0,0.000929,-0.008071
30:06.0,0.000929,-0.008071
30:07.0,0.000929,-0.008071
30:08.1,0.000929,-0.008071
30:09.1,0.000929,-0.008071
30:10.1,0.000929,-0.008071
30:11.1,0.000929,-0.008071
30:12.1,0.000929,-0.008071
30:13.2,0.000929,-0.008071
30:14.2,0.000929,-0.008071
30:15.2,0.000929,-0.008071
30:16.2,0.000929,-0.008071
30:17.2,0.000929,-0.008071
30:18.3,0.000929,-0.008071
30:19.3,0.000929,-0.008071
30:20.3,0.000929,-0.008071
30:21.3,0.000929,-0.008071
30:22.3,0.000929,-0.008071
30:23.4,0.000929,-0.008071
30:24.4,0.000929,-0.008071
30:25.4,0.000929,-0.008071
30:26.4,0.000929,-0.008071
30:27.4,0.000929,-0.008071
30:28.5,0.000929,-0.008071
30:29.5,0.000929,-0.008071
30:30.5,0.000929,-0.008071
30:31.5,0.00093,-0.00807
30:32.5,0.000929,-0.008071
30:33.5,0.00093,-0.00807
30:34.5,0.000929,-0.008071
30:35.6,0.00093,-0.00807
30:36.6,0.00093,-0.00807
30:37.6,0.000929,-0.008071
30:38.6,0.000929,-0.008071
30:39.6,0.00093,-0.00807
30:40.6,0.00093,-0.00807
30:41.7,0.00093,-0.00807
30:42.7,0.00093,-0.00807
30:43.7,0.00093,-0.00807
30:44.7,0.00093,-0.00807
30:45.7,0.00093,-0.00807
30:46.8,0.00093,-0.00807
30:47.8,0.00093,-0.00807
30:48.8,0.00093,-0.00807
30:49.8,0.00093,-0.00807
30:50.8,0.00093,-0.00807
30:51.9,0.00093,-0.00807
30:52.9,0.00093,-0.00807
30:53.9,0.00093,-0.00807
30:54.9,0.00093,-0.00807
30:56.0,0.00093,-0.00807
30:57.0,0.00093,-0.00807
30:58.0,0.00093,-0.00807
30:59.0,0.000931,-0.008069
31:00.0,0.000931,-0.008069
31:01.0,0.000931,-0.008069
31:02.1,0.00093,-0.00807
31:03.1,0.000931,-0.008069
31:04.1,0.000931,-0.008069
31:05.1,0.00093,-0.00807
31:06.2,0.000931,-0.008069
31:07.2,0.000931,-0.008069
31:08.2,0.000931,-0.008069
31:09.2,0.000931,-0.008069
31:10.2,0.000931,-0.008069
31:11.2,0.000931,-0.008069
31:12.3,0.000931,-0.008069
31:13.3,0.000931,-0.008069
31:14.3,0.000931,-0.008069
31:15.3,0.000931,-0.008069
31:16.3,0.000931,-0.008069
31:17.4,0.000931,-0.008069
31:18.4,0.000931,-0.008069
31:19.4,0.000931,-0.008069
31:20.4,0.000931,-0.008069
31:21.4,0.000931,-0.008069
31:22.5,0.000931,-0.008069
31:23.5,0.000931,-0.008069
31:24.5,0.000931,-0.008069
31:25.5,0.000932,-0.008068
31:26.5,0.000931,-0.008069
31:27.6,0.000932,-0.008068
31:28.6,0.000931,-0.008069
31:29.6,0.000931,-0.008069
31:30.6,0.000931,-0.008069
31:31.7,0.000932,-0.008068
31:32.7,0.000932,-0.008068
31:33.7,0.000932,-0.008068
31:34.7,0.000932,-0.008068
31:35.7,0.000932,-0.008068
31:36.7,0.000932,-0.008068
31:37.7,0.000932,-0.008068
31:38.8,0.000932,-0.008068
31:39.8,0.000932,-0.008068
31:40.8,0.000932,-0.008068
31:41.8,0.000932,-0.008068
31:42.8,0.000932,-0.008068
31:43.8,0.000932,-0.008068
31:44.8,0.000932,-0.008068
31:45.9,0.000932,-0.008068
31:46.9,0.000932,-0.008068
31:47.9,0.000932,-0.008068
31:48.9,0.000932,-0.008068
31:49.9,0.000932,-0.008068
31:50.9,0.000932,-0.008068
31:51.9,0.000932,-0.008068
31:52.9,0.000932,-0.008068
31:54.0,0.000932,-0.008068
31:55.0,0.000932,-0.008068
31:56.0,0.000932,-0.008068
31:57.0,0.000932,-0.008068
31:58.0,0.000932,-0.008068
31:59.1,0.000932,-0.008068
32:00.1,0.000932,-0.008068
32:01.1,0.000932,-0.008068
32:02.1,0.000932,-0.008068
32:03.1,0.000933,-0.008067
32:04.1,0.000932,-0.008068
32:05.1,0.000933,-0.008067
32:06.1,0.000932,-0.008068
32:07.2,0.000933,-0.008067
32:08.2,0.000933,-0.008067
32:09.2,0.000933,-0.008067
32:10.2,0.000932,-0.008068
32:11.2,0.000933,-0.008067
32:12.3,0.000933,-0.008067
32:13.3,0.000933,-0.008067
32:14.3,0.000932,-0.008068
32:15.3,0.000932,-0.008068
32:16.3,0.000932,-0.008068
32:17.3,0.000932,-0.008068
32:18.4,0.000932,-0.008068
32:19.4,0.000932,-0.008068
32:20.4,0.000932,-0.008068
32:21.4,0.000932,-0.008068
32:22.4,0.000932,-0.008068
32:23.4,0.000932,-0.008068
32:24.5,0.000932,-0.008068
32:25.5,0.000932,-0.008068
32:26.5,0.000932,-0.008068
32:27.5,0.000932,-0.008068
32:28.5,0.000932,-0.008068
32:29.5,0.000932,-0.008068
32:30.6,0.000932,-0.008068
32:31.6,0.000933,-0.008067
32:32.6,0.000933,-0.008067
32:33.6,0.000933,-0.008067
32:34.7,0.000933,-0.008067
32:35.7,0.000933,-0.008067
32:36.7,0.000933,-0.008067
32:37.7,0.000933,-0.008067
32:38.7,0.000933,-0.008067
32:39.7,0.000933,-0.008067
32:40.8,0.000933,-0.008067
32:41.8,0.000933,-0.008067
32:42.8,0.000933,-0.008067
32:43.8,0.000933,-0.008067
32:44.9,0.000933,-0.008067
32:45.9,0.000933,-0.008067
32:46.9,0.000933,-0.008067
32:47.9,0.000933,-0.008067
32:48.9,0.000934,-0.008066
32:49.9,0.000934,-0.008066
32:51.0,0.000934,-0.008066
32:52.0,0.000934,-0.008066
32:53.0,0.000934,-0.008066
32:54.0,0.000934,-0.008066
32:55.0,0.000934,-0.008066
32:56.1,0.000934,-0.008066
32:57.1,0.000934,-0.008066
32:58.1,0.000934,-0.008066
32:59.1,0.000934,-0.008066
33:00.2,0.000934,-0.008066
33:01.2,0.000934,-0.008066
33:02.2,0.000934,-0.008066
33:03.2,0.000934,-0.008066
33:04.2,0.000934,-0.008066
33:05.2,0.000934,-0.008066
33:06.3,0.000934,-0.008066
33:07.3,0.000934,-0.008066
33:08.3,0.000934,-0.008066
33:09.3,0.000934,-0.008066
33:10.3,0.000934,-0.008066
33:11.3,0.000934,-0.008066
33:12.4,0.000935,-0.008065
33:13.4,0.000934,-0.008066
33:14.4,0.000934,-0.008066
33:15.4,0.000935,-0.008065
33:16.4,0.000934,-0.008066
33:17.4,0.000935,-0.008065
33:18.4,0.000935,-0.008065
33:19.5,0.000934,-0.008066
33:20.5,0.000935,-0.008065
33:21.5,0.000935,-0.008065
33:22.5,0.000935,-0.008065
33:23.5,0.000935,-0.008065
33:24.5,0.000935,-0.008065
33:25.6,0.000935,-0.008065
33:26.6,0.000935,-0.008065
33:27.6,0.000935,-0.008065
33:28.6,0.000935,-0.008065
33:29.7,0.000935,-0.008065
33:30.7,0.000935,-0.008065
33:31.7,0.000935,-0.008065
33:32.7,0.000935,-0.008065
33:33.7,0.000935,-0.008065
33:34.7,0.000935,-0.008065
33:35.7,0.000935,-0.008065
33:36.8,0.000935,-0.008065
33:37.8,0.000936,-0.008064
33:38.8,0.000936,-0.008064
33:39.8,0.000935,-0.008065
33:40.8,0.000936,-0.008064
33:41.8,0.000935,-0.008065
33:42.9,0.000936,-0.008064
33:43.9,0.000936,-0.008064
33:44.9,0.000936,-0.008064
33:45.9,0.000936,-0.008064
33:46.9,0.000936,-0.008064
33:47.9,0.000936,-0.008064
33:49.0,0.000936,-0.008064
33:50.0,0.000936,-0.008064
33:51.0,0.000936,-0.008064
33:52.0,0.000936,-0.008064
33:53.0,0.000936,-0.008064
33:54.0,0.000936,-0.008064
33:55.0,0.000936,-0.008064
33:56.0,0.000936,-0.008064
33:57.1,0.000936,-0.008064
33:58.1,0.000936,-0.008064
33:59.1,0.000936,-0.008064
34:00.1,0.000936,-0.008064
34:01.1,0.000936,-0.008064
34:02.1,0.000936,-0.008064
34:03.1,0.000936,-0.008064
34:04.1,0.000936,-0.008064
34:05.2,0.000936,-0.008064
34:06.2,0.000936,-0.008064
34:07.2,0.000936,-0.008064
34:08.2,0.000936,-0.008064
34:09.2,0.000937,-0.008063
34:10.2,0.000937,-0.008063
34:11.2,0.000937,-0.008063
34:12.3,0.000937,-0.008063
34:13.3,0.000937,-0.008063
34:14.3,0.000937,-0.008063
34:15.3,0.000936,-0.008064
34:16.3,0.000937,-0.008063
34:17.4,0.000937,-0.008063
34:18.4,0.000937,-0.008063
34:19.4,0.000937,-0.008063
34:20.4,0.000937,-0.008063
34:21.4,0.000937,-0.008063
34:22.5,0.000937,-0.008063
34:23.5,0.000937,-0.008063
34:24.5,0.000937,-0.008063
34:25.5,0.000937,-0.008063
34:26.5,0.000937,-0.008063
34:27.6,0.000937,-0.008063
34:28.6,0.000937,-0.008063
34:29.6,0.000937,-0.008063
34:30.6,0.000937,-0.008063
34:31.6,0.000937,-0.008063
34:32.6,0.000937,-0.008063
34:33.7,0.000937,-0.008063
34:34.7,0.000937,-0.008063
34:35.7,0.000937,-0.008063
34:36.7,0.000937,-0.008063
34:37.7,0.000937,-0.008063
34:38.7,0.000937,-0.008063
34:39.8,0.000937,-0.008063
34:40.8,0.000937,-0.008063
34:41.8,0.000937,-0.008063
34:42.8,0.000937,-0.008063
34:43.8,0.000937,-0.008063
34:44.8,0.000937,-0.008063
34:45.8,0.000937,-0.008063
34:46.9,0.000937,-0.008063
34:47.9,0.000937,-0.008063
34:48.9,0.000937,-0.008063
34:49.9,0.000937,-0.008063
34:51.0,0.000938,-0.008062
34:52.0,0.000937,-0.008063
34:53.0,0.000938,-0.008062
34:54.0,0.000938,-0.008062
34:55.0,0.000937,-0.008063
34:56.0,0.000938,-0.008062
34:57.1,0.000938,-0.008062
34:58.1,0.000937,-0.008063
34:59.1,0.000938,-0.008062
35:00.1,0.000938,-0.008062
35:01.1,0.000938,-0.008062
35:02.1,0.000938,-0.008062
35:03.1,0.000938,-0.008062
35:04.1,0.000938,-0.008062
35:05.2,0.000939,-0.008061
35:06.2,0.000939,-0.008061
35:07.2,0.000939,-0.008061
35:08.2,0.000939,-0.008061
35:09.2,0.00094,-0.00806
35:10.2,0.00094,-0.00806
35:11.2,0.000941,-0.008059
35:12.3,0.000941,-0.008059
35:13.3,0.000941,-0.008059
35:14.3,0.000941,-0.008059
35:15.3,0.00094,-0.00806
35:16.3,0.000936,-0.008064
35:17.3,0.000936,-0.008064
35:18.4,0.000935,-0.008065
35:19.4,0.000936,-0.008064
35:20.4,0.000935,-0.008065
35:21.4,0.000935,-0.008065
35:22.4,0.000935,-0.008065
35:23.5,0.000935,-0.008065
35:24.5,0.000935,-0.008065
35:25.5,0.000935,-0.008065
35:26.5,0.000936,-0.008064
35:27.5,0.000935,-0.008065
35:28.5,0.000936,-0.008064
35:29.5,0.000935,-0.008065
35:30.6,0.000935,-0.008065
35:31.6,0.000935,-0.008065
35:32.6,0.000935,-0.008065
35:33.6,0.000935,-0.008065
35:34.6,0.000935,-0.008065
35:35.6,0.000935,-0.008065
35:36.7,0.000935,-0.008065
35:37.7,0.000935,-0.008065
35:38.7,0.000935,-0.008065
35:39.7,0.000935,-0.008065
35:40.7,0.000935,-0.008065
35:41.8,0.000935,-0.008065
35:42.8,0.000935,-0.008065
35:43.8,0.000935,-0.008065
35:44.8,0.000935,-0.008065
35:45.8,0.000935,-0.008065
35:46.9,0.000935,-0.008065
35:47.9,0.000935,-0.008065
35:48.9,0.000935,-0.008065
35:49.9,0.000935,-0.008065
35:50.9,0.000935,-0.008065
35:52.0,0.000935,-0.008065
35:53.0,0.000935,-0.008065
35:54.0,0.000935,-0.008065
35:55.0,0.000935,-0.008065
35:56.1,0.000935,-0.008065
35:57.1,0.000935,-0.008065
35:58.1,0.000935,-0.008065
35:59.1,0.000935,-0.008065
36:00.1,0.000935,-0.008065
36:01.1,0.000935,-0.008065
36:02.2,0.000935,-0.008065
36:03.2,0.000935,-0.008065
36:04.2,0.000935,-0.008065
36:05.2,0.000935,-0.008065
36:06.3,0.000935,-0.008065
36:07.3,0.000935,-0.008065
36:08.3,0.000935,-0.008065
36:09.3,0.000935,-0.008065
36:10.3,0.000935,-0.008065
36:11.3,0.000935,-0.008065
36:12.3,0.000935,-0.008065
36:13.3,0.000935,-0.008065
36:14.4,0.000935,-0.008065
36:15.4,0.000935,-0.008065
36:16.4,0.000935,-0.008065
36:17.4,0.000935,-0.008065
36:18.4,0.000935,-0.008065
36:19.5,0.000935,-0.008065
36:20.5,0.000935,-0.008065
36:21.5,0.000936,-0.008064
36:22.5,0.000935,-0.008065
36:23.5,0.000935,-0.008065
36:24.5,0.000935,-0.008065
36:25.6,0.000935,-0.008065
36:26.6,0.000935,-0.008065
36:27.6,0.000935,-0.008065
36:28.6,0.000935,-0.008065
36:29.6,0.000935,-0.008065
36:30.7,0.000935,-0.008065
36:31.7,0.000935,-0.008065
36:32.7,0.000935,-0.008065
36:33.7,0.000935,-0.008065
36:34.7,0.000935,-0.008065
36:35.8,0.000935,-0.008065
36:36.8,0.000935,-0.008065
36:37.8,0.000935,-0.008065
36:38.8,0.000935,-0.008065
36:39.8,0.000935,-0.008065
36:40.8,0.000935,-0.008065
36:41.8,0.000935,-0.008065
36:42.9,0.000935,-0.008065
36:43.9,0.000935,-0.008065
36:44.9,0.000935,-0.008065
36:45.9,0.000935,-0.008065
36:46.9,0.000935,-0.008065
36:47.9,0.000935,-0.008065
36:49.0,0.000935,-0.008065
36:50.0,0.000935,-0.008065
36:51.0,0.000935,-0.008065
36:52.0,0.000935,-0.008065
36:53.0,0.000935,-0.008065
36:54.0,0.000935,-0.008065
36:55.1,0.000935,-0.008065
36:56.1,0.000935,-0.008065
36:57.1,0.000935,-0.008065
36:58.1,0.000935,-0.008065
36:59.1,0.000935,-0.008065
37:00.1,0.000935,-0.008065
37:01.2,0.000935,-0.008065
37:02.2,0.000935,-0.008065
37:03.2,0.000935,-0.008065
37:04.2,0.000935,-0.008065
37:05.2,0.000935,-0.008065
37:06.3,0.000935,-0.008065
37:07.3,0.000935,-0.008065
37:08.3,0.000935,-0.008065
37:09.3,0.000935,-0.008065
37:10.3,0.000935,-0.008065
37:11.3,0.000935,-0.008065
37:12.4,0.000935,-0.008065
37:13.4,0.000935,-0.008065
37:14.4,0.000935,-0.008065
37:15.4,0.000935,-0.008065
37:16.4,0.000935,-0.008065
37:17.5,0.000935,-0.008065
37:18.5,0.000935,-0.008065
37:19.5,0.000935,-0.008065
37:20.5,0.000935,-0.008065
37:21.5,0.000935,-0.008065
37:22.6,0.000935,-0.008065
37:23.6,0.000935,-0.008065
37:24.6,0.000935,-0.008065
37:25.6,0.000935,-0.008065
37:26.6,0.000935,-0.008065
37:27.7,0.000935,-0.008065
37:28.7,0.000935,-0.008065
37:29.7,0.000935,-0.008065
37:30.7,0.000935,-0.008065
37:31.7,0.000935,-0.008065
37:32.7,0.000936,-0.008064
37:33.7,0.000935,-0.008065
37:34.8,0.000935,-0.008065
37:35.8,0.000935,-0.008065
37:36.8,0.000935,-0.008065
37:37.8,0.000935,-0.008065
37:38.8,0.000935,-0.008065
37:39.8,0.000935,-0.008065
37:40.9,0.000935,-0.008065
37:41.9,0.000935,-0.008065
37:42.9,0.000935,-0.008065
37:43.9,0.000935,-0.008065
37:44.9,0.000935,-0.008065
37:45.9,0.000936,-0.008064
37:46.9,0.000935,-0.008065
37:47.9,0.000935,-0.008065
37:48.9,0.000935,-0.008065
37:50.0,0.000935,-0.008065
37:51.0,0.000936,-0.008064
37:52.0,0.000936,-0.008064
37:53.0,0.000936,-0.008064
37:54.0,0.000936,-0.008064
37:55.1,0.000935,-0.008065
37:56.1,0.000936,-0.008064
37:57.1,0.000935,-0.008065
37:58.1,0.000936,-0.008064
37:59.1,0.000936,-0.008064
38:00.2,0.000936,-0.008064
38:01.2,0.000936,-0.008064
38:02.2,0.000936,-0.008064
38:03.2,0.000935,-0.008065
38:04.2,0.000936,-0.008064
38:05.2,0.000935,-0.008065
38:06.3,0.000936,-0.008064
38:07.3,0.000936,-0.008064
38:08.3,0.000936,-0.008064
38:09.3,0.000936,-0.008064
38:10.3,0.000936,-0.008064
38:11.3,0.000936,-0.008064
38:12.4,0.000936,-0.008064
38:13.4,0.000936,-0.008064
38:14.4,0.000936,-0.008064
38:15.4,0.000936,-0.008064
38:16.5,0.000936,-0.008064
38:17.5,0.000936,-0.008064
38:18.5,0.000936,-0.008064
38:19.5,0.000936,-0.008064
38:20.5,0.000936,-0.008064
38:21.5,0.000936,-0.008064
38:22.6,0.000936,-0.008064
38:23.6,0.000936,-0.008064
38:24.6,0.000936,-0.008064
38:25.6,0.000936,-0.008064
38:26.6,0.000936,-0.008064
38:27.6,0.000936,-0.008064
38:28.7,0.000936,-0.008064
38:29.7,0.000936,-0.008064
38:30.7,0.000936,-0.008064
38:31.7,0.000936,-0.008064
38:32.8,0.000936,-0.008064
38:33.8,0.000936,-0.008064
38:34.8,0.000936,-0.008064
38:35.8,0.000936,-0.008064
38:36.8,0.000936,-0.008064
38:37.9,0.000936,-0.008064
38:38.9,0.000936,-0.008064
38:39.9,0.000936,-0.008064
38:40.9,0.000936,-0.008064
38:41.9,0.000936,-0.008064
38:42.9,0.000936,-0.008064
38:43.9,0.000936,-0.008064
38:45.0,0.000936,-0.008064
38:46.0,0.000936,-0.008064
38:47.0,0.000936,-0.008064
38:48.0,0.000936,-0.008064
38:49.0,0.000936,-0.008064
38:50.1,0.000936,-0.008064
38:51.1,0.000936,-0.008064
38:52.1,0.000936,-0.008064
38:53.1,0.000936,-0.008064
38:54.2,0.000936,-0.008064
38:55.2,0.000936,-0.008064
38:56.2,0.000936,-0.008064
38:57.2,0.000936,-0.008064
38:58.2,0.000937,-0.008063
38:59.2,0.000936,-0.008064
39:00.3,0.000936,-0.008064
39:01.3,0.000936,-0.008064
39:02.3,0.000937,-0.008063
39:03.3,0.000937,-0.008063
39:04.3,0.000937,-0.008063
39:05.4,0.000936,-0.008064
39:06.4,0.000936,-0.008064
39:07.4,0.000936,-0.008064
39:08.4,0.000937,-0.008063
39:09.4,0.000937,-0.008063
39:10.5,0.000937,-0.008063
39:11.5,0.000937,-0.008063
39:12.5,0.000937,-0.008063
39:13.5,0.000937,-0.008063
39:14.5,0.000937,-0.008063
39:15.5,0.000937,-0.008063
39:16.5,0.000937,-0.008063
39:17.6,0.000937,-0.008063
39:18.6,0.000936,-0.008064
39:19.6,0.000937,-0.008063
39:20.6,0.000937,-0.008063
39:21.6,0.000937,-0.008063
39:22.6,0.000937,-0.008063
39:23.6,0.000937,-0.008063
39:24.7,0.000937,-0.008063
39:25.7,0.000937,-0.008063
39:26.7,0.000937,-0.008063
39:27.7,0.000937,-0.008063
39:28.7,0.000937,-0.008063
39:29.7,0.000937,-0.008063
39:30.8,0.000937,-0.008063
39:31.8,0.000937,-0.008063
39:32.8,0.000937,-0.008063
39:33.8,0.000937,-0.008063
39:34.9,0.000937,-0.008063
39:35.9,0.000937,-0.008063
39:36.9,0.000937,-0.008063
39:37.9,0.000937,-0.008063
39:38.9,0.000937,-0.008063
39:39.9,0.000937,-0.008063
39:40.9,0.000937,-0.008063
39:42.0,0.000937,-0.008063
39:43.0,0.000937,-0.008063
39:44.0,0.000937,-0.008063
39:45.0,0.000937,-0.008063
39:46.0,0.000937,-0.008063
39:47.0,0.000937,-0.008063
39:48.1,0.000937,-0.008063
39:49.1,0.000937,-0.008063
39:50.1,0.000937,-0.008063
39:51.1,0.000937,-0.008063
39:52.2,0.000937,-0.008063
39:53.2,0.000937,-0.008063
39:54.2,0.000937,-0.008063
39:55.2,0.000937,-0.008063
39:56.2,0.000937,-0.008063
39:57.2,0.000937,-0.008063
39:58.3,0.000937,-0.008063
39:59.3,0.000937,-0.008063
40:00.3,0.000937,-0.008063
40:01.3,0.000937,-0.008063
40:02.3,0.000937,-0.008063
40:03.3,0.000937,-0.008063
40:04.4,0.000938,-0.008062
40:05.4,0.000937,-0.008063
40:06.4,0.000937,-0.008063
40:07.4,0.000937,-0.008063
40:08.4,0.000937,-0.008063
40:09.5,0.000938,-0.008062
40:10.5,0.000937,-0.008063
40:11.5,0.000937,-0.008063
40:12.5,0.000937,-0.008063
40:13.5,0.000937,-0.008063
40:14.5,0.000938,-0.008062
40:15.6,0.000937,-0.008063
40:16.6,0.000937,-0.008063
40:17.6,0.000937,-0.008063
40:18.6,0.000937,-0.008063
40:19.6,0.000937,-0.008063
40:20.6,0.000937,-0.008063
40:21.7,0.000937,-0.008063
40:22.7,0.000938,-0.008062
40:23.7,0.000937,-0.008063
40:24.7,0.000938,-0.008062
40:25.7,0.000937,-0.008063
40:26.8,0.000937,-0.008063
40:27.8,0.000938,-0.008062
40:28.8,0.000937,-0.008063
40:29.8,0.000938,-0.008062
40:30.8,0.000938,-0.008062
40:31.9,0.000937,-0.008063
40:32.9,0.000937,-0.008063
40:33.9,0.000938,-0.008062
40:34.9,0.000938,-0.008062
40:35.9,0.000938,-0.008062
40:36.9,0.000937,-0.008063
40:38.0,0.000938,-0.008062
40:39.0,0.000937,-0.008063
40:40.0,0.000938,-0.008062
40:41.0,0.000938,-0.008062
40:42.0,0.000938,-0.008062
40:43.1,0.000938,-0.008062
40:44.1,0.000938,-0.008062
40:45.1,0.000938,-0.008062
40:46.1,0.000938,-0.008062
40:47.1,0.000938,-0.008062
40:48.1,0.000938,-0.008062
40:49.2,0.000937,-0.008063
40:50.2,0.000938,-0.008062
40:51.2,0.000938,-0.008062
40:52.2,0.000938,-0.008062
40:53.2,0.000938,-0.008062
40:54.2,0.000938,-0.008062
40:55.3,0.000938,-0.008062
40:56.3,0.000938,-0.008062
40:57.3,0.000938,-0.008062
40:58.3,0.000938,-0.008062
40:59.3,0.000938,-0.008062
41:00.3,0.000938,-0.008062
41:01.4,0.000938,-0.008062
41:02.4,0.000937,-0.008063
41:03.4,0.000938,-0.008062
41:04.4,0.000938,-0.008062
41:05.5,0.000938,-0.008062
41:06.5,0.000938,-0.008062
41:07.5,0.000938,-0.008062
41:08.5,0.000938,-0.008062
41:09.5,0.000938,-0.008062
41:10.5,0.000938,-0.008062
41:11.6,0.000938,-0.008062
41:12.6,0.000938,-0.008062
41:13.6,0.000938,-0.008062
41:14.6,0.000938,-0.008062
41:15.6,0.000938,-0.008062
41:16.6,0.000938,-0.008062
41:17.6,0.000938,-0.008062
41:18.7,0.000938,-0.008062
41:19.7,0.000938,-0.008062
41:20.7,0.000938,-0.008062
41:21.7,0.000938,-0.008062
41:22.7,0.000938,-0.008062
41:23.7,0.000938,-0.008062
41:24.7,0.000938,-0.008062
41:25.8,0.000938,-0.008062
41:26.8,0.000938,-0.008062
41:27.8,0.000938,-0.008062
41:28.8,0.000938,-0.008062
41:29.8,0.000938,-0.008062
41:30.9,0.000938,-0.008062
41:31.9,0.000938,-0.008062
41:32.9,0.000938,-0.008062
41:33.9,0.000938,-0.008062
41:34.9,0.000938,-0.008062
41:35.9,0.000938,-0.008062
41:37.0,0.000938,-0.008062
41:38.0,0.000938,-0.008062
41:39.0,0.000938,-0.008062
41:40.0,0.000938,-0.008062
41:41.0,0.000938,-0.008062
41:42.0,0.000938,-0.008062
41:43.0,0.000938,-0.008062
41:44.1,0.000938,-0.008062
41:45.1,0.000938,-0.008062
41:46.1,0.000938,-0.008062
41:47.1,0.000938,-0.008062
41:48.1,0.000938,-0.008062
41:49.1,0.000938,-0.008062
41:50.1,0.000938,-0.008062
41:51.2,0.000938,-0.008062
41:52.2,0.000938,-0.008062
41:53.2,0.000938,-0.008062
41:54.2,0.000938,-0.008062
41:55.2,0.000938,-0.008062
41:56.2,0.000938,-0.008062
41:57.2,0.000938,-0.008062
41:58.2,0.000938,-0.008062
41:59.3,0.000938,-0.008062
42:00.3,0.000938,-0.008062
42:01.3,0.000938,-0.008062
42:02.3,0.000938,-0.008062
42:03.3,0.000938,-0.008062
42:04.3,0.000938,-0.008062
42:05.3,0.000938,-0.008062
42:06.3,0.000938,-0.008062
42:07.4,0.000938,-0.008062
42:08.4,0.000938,-0.008062
42:09.4,0.000938,-0.008062
42:10.4,0.000938,-0.008062
42:11.4,0.000938,-0.008062
42:12.4,0.000938,-0.008062
42:13.5,0.000938,-0.008062
42:14.5,0.000938,-0.008062
42:15.5,0.000938,-0.008062
42:16.5,0.000938,-0.008062
42:17.5,0.000938,-0.008062
42:18.5,0.000938,-0.008062
42:19.5,0.000938,-0.008062
42:20.5,0.000938,-0.008062
42:21.6,0.000938,-0.008062
42:22.6,0.000938,-0.008062
42:23.6,0.000938,-0.008062
42:24.6,0.000938,-0.008062
42:25.6,0.000938,-0.008062
42:26.6,0.000938,-0.008062
42:27.6,0.000938,-0.008062
42:28.7,0.000938,-0.008062
42:29.7,0.000938,-0.008062
42:30.7,0.000938,-0.008062
42:31.7,0.000938,-0.008062
42:32.8,0.000938,-0.008062
42:33.8,0.000938,-0.008062
42:34.8,0.000938,-0.008062
42:35.8,0.000938,-0.008062
42:36.8,0.000938,-0.008062
42:37.8,0.000938,-0.008062
42:38.9,0.000938,-0.008062
42:39.9,0.000938,-0.008062
42:40.9,0.000938,-0.008062
42:41.9,0.000938,-0.008062
42:42.9,0.000938,-0.008062
42:43.9,0.000938,-0.008062
42:44.9,0.000938,-0.008062
42:45.9,0.000938,-0.008062
42:46.9,0.000938,-0.008062
42:48.0,0.000938,-0.008062
42:49.0,0.000938,-0.008062
42:50.0,0.000938,-0.008062
42:51.0,0.000938,-0.008062
42:52.0,0.000938,-0.008062
42:53.0,0.000938,-0.008062
42:54.1,0.000938,-0.008062
42:55.1,0.000938,-0.008062
42:56.1,0.000938,-0.008062
42:57.1,0.000938,-0.008062
42:58.1,0.000938,-0.008062
42:59.1,0.000938,-0.008062
43:00.1,0.000938,-0.008062
43:01.2,0.000938,-0.008062
43:02.2,0.000938,-0.008062
43:03.2,0.000938,-0.008062
43:04.2,0.000938,-0.008062
43:05.2,0.000938,-0.008062
43:06.2,0.000938,-0.008062
43:07.3,0.000938,-0.008062
43:08.3,0.000938,-0.008062
43:09.3,0.000938,-0.008062
43:10.3,0.000938,-0.008062
43:11.3,0.000938,-0.008062
43:12.4,0.000938,-0.008062
43:13.4,0.000938,-0.008062
43:14.4,0.000938,-0.008062
43:15.4,0.000938,-0.008062
43:16.4,0.000938,-0.008062
43:17.4,0.000938,-0.008062
43:18.5,0.000938,-0.008062
43:19.5,0.000938,-0.008062
43:20.5,0.000938,-0.008062
43:21.5,0.000938,-0.008062
43:22.5,0.000938,-0.008062
43:23.5,0.000938,-0.008062
43:24.6,0.000938,-0.008062
43:25.6,0.000938,-0.008062
43:26.6,0.000938,-0.008062
43:27.6,0.000938,-0.008062
43:28.6,0.000938,-0.008062
43:29.7,0.000938,-0.008062
43:30.7,0.000938,-0.008062
43:31.7,0.000938,-0.008062
43:32.7,0.000938,-0.008062
43:33.7,0.000938,-0.008062
43:34.7,0.000938,-0.008062
43:35.8,0.000938,-0.008062
43:36.8,0.000938,-0.008062
43:37.8,0.000938,-0.008062
43:38.8,0.000938,-0.008062
43:39.8,0.000938,-0.008062
43:40.8,0.000938,-0.008062
43:41.9,0.000938,-0.008062
43:42.9,0.000938,-0.008062
43:43.9,0.000938,-0.008062
43:44.9,0.000938,-0.008062
43:45.9,0.000938,-0.008062
43:47.0,0.000938,-0.008062
43:48.0,0.000939,-0.008061
43:49.0,0.000938,-0.008062
43:50.0,0.000938,-0.008062
43:51.0,0.000938,-0.008062
43:52.0,0.000938,-0.008062
43:53.1,0.000939,-0.008061
43:54.1,0.000938,-0.008062
43:55.1,0.000939,-0.008061
43:56.1,0.000938,-0.008062
43:57.1,0.000939,-0.008061
43:58.1,0.000938,-0.008062
43:59.1,0.000938,-0.008062
44:00.2,0.000938,-0.008062
44:01.2,0.000938,-0.008062
44:02.2,0.000938,-0.008062
44:03.2,0.000938,-0.008062
44:04.3,0.000939,-0.008061
44:05.3,0.000938,-0.008062
44:06.3,0.000938,-0.008062
44:07.3,0.000938,-0.008062
44:08.3,0.000938,-0.008062
44:09.3,0.000938,-0.008062
44:10.3,0.000939,-0.008061
44:11.3,0.000938,-0.008062
44:12.4,0.000938,-0.008062
44:13.4,0.000938,-0.008062
44:14.4,0.000938,-0.008062
44:15.4,0.000938,-0.008062
44:16.5,0.000938,-0.008062
44:17.5,0.000938,-0.008062
44:18.5,0.000939,-0.008061
44:19.5,0.000939,-0.008061
44:20.5,0.000938,-0.008062
44:21.5,0.000939,-0.008061
44:22.5,0.000944,-0.008056
44:23.6,0.000944,-0.008056
44:24.6,0.000944,-0.008056
44:25.6,0.000938,-0.008062
44:26.6,0.000944,-0.008056
44:27.6,0.000944,-0.008056
44:28.6,0.000944,-0.008056
44:29.7,0.000944,-0.008056
44:30.7,0.000945,-0.008055
44:31.7,0.000944,-0.008056
44:32.7,0.000944,-0.008056
44:33.7,0.000944,-0.008056
44:34.7,0.000944,-0.008056
44:35.8,0.000944,-0.008056
44:36.8,0.000945,-0.008055
44:37.8,0.000944,-0.008056
44:38.8,0.000945,-0.008055
44:39.9,0.000945,-0.008055
44:40.9,0.000945,-0.008055
44:41.9,0.000945,-0.008055
44:42.9,0.000945,-0.008055
44:43.9,0.000944,-0.008056
44:44.9,0.000945,-0.008055
44:45.9,0.000945,-0.008055
44:46.9,0.000945,-0.008055
44:47.9,0.000945,-0.008055
44:49.0,0.000945,-0.008055
44:50.0,0.000945,-0.008055
44:51.0,0.000945,-0.008055
44:52.0,0.000945,-0.008055
44:53.0,0.000945,-0.008055
44:54.1,0.000945,-0.008055
44:55.1,0.000945,-0.008055
44:56.1,0.000945,-0.008055
44:57.1,0.000945,-0.008055
44:58.1,0.000945,-0.008055
44:59.1,0.000945,-0.008055
45:00.1,0.000945,-0.008055
45:01.1,0.000946,-0.008054
45:02.1,0.000946,-0.008054
45:03.1,0.000945,-0.008055
45:04.2,0.000945,-0.008055
45:05.2,0.000945,-0.008055
45:06.2,0.000945,-0.008055
45:07.2,0.000945,-0.008055
45:08.2,0.000945,-0.008055
45:09.3,0.000945,-0.008055
45:10.3,0.000946,-0.008054
45:11.3,0.000946,-0.008054
45:12.3,0.000946,-0.008054
45:13.3,0.000945,-0.008055
45:14.3,0.000946,-0.008054
45:15.4,0.000946,-0.008054
45:16.4,0.000946,-0.008054
45:17.4,0.000946,-0.008054
45:18.4,0.000946,-0.008054
45:19.4,0.000946,-0.008054
45:20.4,0.000946,-0.008054
45:21.5,0.000946,-0.008054
45:22.5,0.000946,-0.008054
45:23.5,0.000946,-0.008054
45:24.5,0.000946,-0.008054
45:25.5,0.000946,-0.008054
45:26.5,0.000946,-0.008054
45:27.6,0.000946,-0.008054
45:28.6,0.000946,-0.008054
45:29.6,0.000946,-0.008054
45:30.6,0.000946,-0.008054
45:31.6,0.000946,-0.008054
45:32.6,0.000946,-0.008054
45:33.7,0.000946,-0.008054
45:34.7,0.000946,-0.008054
45:35.7,0.000946,-0.008054
45:36.7,0.000946,-0.008054
45:37.7,0.000946,-0.008054
45:38.7,0.000946,-0.008054
45:39.7,0.000946,-0.008054
45:40.8,0.000946,-0.008054
45:41.8,0.000946,-0.008054
45:42.8,0.000946,-0.008054
45:43.8,0.000946,-0.008054
45:44.8,0.000946,-0.008054
45:45.9,0.000946,-0.008054
45:46.9,0.000946,-0.008054
45:47.9,0.000946,-0.008054
45:48.9,0.000946,-0.008054
45:49.9,0.000946,-0.008054
45:51.0,0.000946,-0.008054
45:52.0,0.000946,-0.008054
45:53.0,0.000946,-0.008054
45:54.0,0.000946,-0.008054
45:55.0,0.000946,-0.008054
45:56.1,0.000946,-0.008054
45:57.1,0.000946,-0.008054
45:58.1,0.000946,-0.008054
45:59.1,0.000946,-0.008054
46:00.1,0.000946,-0.008054
46:01.1,0.000946,-0.008054
46:02.1,0.000946,-0.008054
46:03.1,0.000946,-0.008054
46:04.2,0.000946,-0.008054
46:05.2,0.000946,-0.008054
46:06.2,0.000946,-0.008054
46:07.2,0.000946,-0.008054
46:08.2,0.000946,-0.008054
46:09.2,0.000946,-0.008054
46:10.3,0.000946,-0.008054
46:11.3,0.000946,-0.008054
46:12.3,0.000946,-0.008054
46:13.3,0.000946,-0.008054
46:14.3,0.000946,-0.008054
46:15.3,0.000946,-0.008054
46:16.3,0.000946,-0.008054
46:17.3,0.000946,-0.008054
46:18.4,0.000946,-0.008054
46:19.4,0.000946,-0.008054
46:20.4,0.000946,-0.008054
46:21.4,0.000946,-0.008054
46:22.4,0.000946,-0.008054
46:23.4,0.000946,-0.008054
46:24.4,0.000946,-0.008054
46:25.5,0.000946,-0.008054
46:26.5,0.000946,-0.008054
46:27.5,0.000946,-0.008054
46:28.5,0.000946,-0.008054
46:29.5,0.000946,-0.008054
46:30.6,0.000946,-0.008054
46:31.6,0.000946,-0.008054
46:32.6,0.000946,-0.008054
46:33.6,0.000946,-0.008054
46:34.6,0.000946,-0.008054
46:35.6,0.000946,-0.008054
46:36.7,0.000946,-0.008054
46:37.7,0.000946,-0.008054
46:38.7,0.000946,-0.008054
46:39.7,0.000946,-0.008054
46:40.7,0.000946,-0.008054
46:41.7,0.000946,-0.008054
46:42.7,0.000946,-0.008054
46:43.7,0.000946,-0.008054
46:44.8,0.000945,-0.008055
46:45.8,0.000946,-0.008054
46:46.8,0.000946,-0.008054
46:47.8,0.000946,-0.008054
46:48.8,0.000946,-0.008054
46:49.9,0.000946,-0.008054
46:50.9,0.000946,-0.008054
46:51.9,0.000946,-0.008054
46:52.9,0.000946,-0.008054
46:53.9,0.000946,-0.008054
46:54.9,0.000946,-0.008054
46:56.0,0.000945,-0.008055
46:57.0,0.000945,-0.008055
46:58.0,0.000946,-0.008054
46:59.0,0.000946,-0.008054
47:00.0,0.000945,-0.008055
47:01.0,0.000945,-0.008055
47:02.0,0.000946,-0.008054
47:03.1,0.000945,-0.008055
47:04.1,0.000945,-0.008055
47:05.1,0.000945,-0.008055
47:06.1,0.000946,-0.008054
47:07.1,0.000946,-0.008054
47:08.1,0.000945,-0.008055
47:09.1,0.000946,-0.008054
47:10.1,0.000946,-0.008054
47:11.1,0.000945,-0.008055
47:12.1,0.000946,-0.008054
47:13.2,0.000945,-0.008055
47:14.2,0.000946,-0.008054
47:15.2,0.000946,-0.008054
47:16.2,0.000945,-0.008055
47:17.2,0.000946,-0.008054
47:18.2,0.000946,-0.008054
47:19.2,0.000946,-0.008054
47:20.3,0.000946,-0.008054
47:21.3,0.000946,-0.008054
47:22.3,0.000946,-0.008054
47:23.3,0.000946,-0.008054
47:24.3,0.000946,-0.008054
47:25.3,0.000946,-0.008054
47:26.3,0.000946,-0.008054
47:27.3,0.000946,-0.008054
47:28.4,0.000946,-0.008054
47:29.4,0.000946,-0.008054
47:30.4,0.000946,-0.008054
47:31.4,0.000946,-0.008054
47:32.4,0.000946,-0.008054
47:33.4,0.000946,-0.008054
47:34.5,0.000946,-0.008054
47:35.5,0.000945,-0.008055
47:36.5,0.000946,-0.008054
47:37.5,0.000945,-0.008055
47:38.5,0.000944,-0.008056
47:39.6,0.000943,-0.008057
47:40.6,0.000943,-0.008057
47:41.6,0.000942,-0.008058
47:42.6,0.000942,-0.008058
47:43.6,0.000941,-0.008059
47:44.7,0.00094,-0.00806
47:45.7,0.00094,-0.00806
47:46.7,0.000939,-0.008061
47:47.7,0.000939,-0.008061
47:48.7,0.000939,-0.008061
47:49.8,0.000939,-0.008061
47:50.8,0.000938,-0.008062
47:51.8,0.000938,-0.008062
47:52.8,0.000939,-0.008061
47:53.8,0.000938,-0.008062
47:54.9,0.000938,-0.008062
47:55.9,0.000938,-0.008062
47:56.9,0.000938,-0.008062
47:57.9,0.000937,-0.008063
47:58.9,0.000937,-0.008063
47:59.9,0.000937,-0.008063
48:00.9,0.000937,-0.008063
48:02.0,0.000937,-0.008063
48:03.0,0.000937,-0.008063
48:04.0,0.000937,-0.008063
48:05.0,0.000937,-0.008063
48:06.1,0.000937,-0.008063
48:07.1,0.000936,-0.008064
48:08.1,0.000937,-0.008063
48:09.1,0.000936,-0.008064
48:10.2,0.000937,-0.008063
48:11.2,0.000937,-0.008063
48:12.2,0.000936,-0.008064
48:13.2,0.000936,-0.008064
48:14.2,0.000936,-0.008064
48:15.2,0.000936,-0.008064
48:16.3,0.000936,-0.008064
48:17.3,0.000936,-0.008064
48:18.3,0.000936,-0.008064
48:19.3,0.000936,-0.008064
48:20.3,0.000936,-0.008064
48:21.3,0.000936,-0.008064
48:22.3,0.000936,-0.008064
48:23.3,0.000936,-0.008064
48:24.4,0.000936,-0.008064
48:25.4,0.000936,-0.008064
48:26.4,0.000936,-0.008064
48:27.4,0.000936,-0.008064
48:28.4,0.000936,-0.008064
48:29.4,0.000936,-0.008064
48:30.5,0.000936,-0.008064
48:31.5,0.000936,-0.008064
48:32.5,0.000936,-0.008064
48:33.5,0.000936,-0.008064
48:34.5,0.000936,-0.008064
48:35.5,0.000936,-0.008064
48:36.5,0.000936,-0.008064
48:37.6,0.000936,-0.008064
48:38.6,0.000935,-0.008065
48:39.6,0.000936,-0.008064
48:40.6,0.000936,-0.008064
48:41.6,0.000936,-0.008064
48:42.7,0.000936,-0.008064
48:43.7,0.000936,-0.008064
48:44.7,0.000936,-0.008064
48:45.7,0.000936,-0.008064
48:46.8,0.000935,-0.008065
48:47.8,0.000935,-0.008065
48:48.8,0.000935,-0.008065
48:49.8,0.000936,-0.008064
48:50.8,0.000935,-0.008065
48:51.8,0.000935,-0.008065
48:52.9,0.000936,-0.008064
48:53.9,0.000935,-0.008065
48:54.9,0.000935,-0.008065
48:55.9,0.000935,-0.008065
48:56.9,0.000935,-0.008065
48:57.9,0.000936,-0.008064
48:58.9,0.000935,-0.008065
49:00.0,0.000935,-0.008065
49:01.0,0.000935,-0.008065
49:02.0,0.000935,-0.008065
49:03.0,0.000935,-0.008065
49:04.0,0.000935,-0.008065
49:05.1,0.000935,-0.008065
49:06.1,0.000935,-0.008065
49:07.1,0.000935,-0.008065
49:08.1,0.000935,-0.008065
49:09.1,0.000935,-0.008065
49:10.2,0.000935,-0.008065
49:11.2,0.000935,-0.008065
49:12.2,0.000935,-0.008065
49:13.2,0.000935,-0.008065
49:14.2,0.000935,-0.008065
49:15.2,0.000935,-0.008065
49:16.2,0.000935,-0.008065
49:17.3,0.000935,-0.008065
49:18.3,0.000935,-0.008065
49:19.3,0.000935,-0.008065
49:20.3,0.000935,-0.008065
49:21.3,0.000935,-0.008065
49:22.3,0.000935,-0.008065
49:23.4,0.000935,-0.008065
49:24.4,0.000935,-0.008065
49:25.4,0.000935,-0.008065
49:26.4,0.000935,-0.008065
49:27.4,0.000934,-0.008066
49:28.4,0.000935,-0.008065
49:29.5,0.000934,-0.008066
49:30.5,0.000935,-0.008065
49:31.5,0.000935,-0.008065
49:32.5,0.000935,-0.008065
49:33.5,0.000935,-0.008065
49:34.6,0.000934,-0.008066
49:35.6,0.000935,-0.008065
49:36.6,0.000935,-0.008065
49:37.6,0.000934,-0.008066
49:38.6,0.000934,-0.008066
49:39.6,0.000934,-0.008066
49:40.7,0.000935,-0.008065
49:41.7,0.000935,-0.008065
49:42.7,0.000934,-0.008066
49:43.7,0.000934,-0.008066
49:44.7,0.000934,-0.008066
49:45.7,0.000934,-0.008066
49:46.7,0.000934,-0.008066
49:47.8,0.000934,-0.008066
49:48.8,0.000934,-0.008066
49:49.8,0.000934,-0.008066
49:50.8,0.000934,-0.008066
49:51.8,0.000934,-0.008066
49:52.9,0.000934,-0.008066
49:53.9,0.000934,-0.008066
49:54.9,0.000934,-0.008066
49:55.9,0.000934,-0.008066
49:57.0,0.000934,-0.008066
49:58.0,0.000934,-0.008066
49:59.0,0.000934,-0.008066
50:00.0,0.000934,-0.008066
50:01.0,0.000934,-0.008066
50:02.1,0.000934,-0.008066
50:03.1,0.000934,-0.008066
50:04.1,0.000934,-0.008066
50:05.1,0.000934,-0.008066
50:06.1,0.000934,-0.008066
50:07.1,0.000934,-0.008066
50:08.2,0.000934,-0.008066
50:09.2,0.000934,-0.008066
50:10.2,0.000934,-0.008066
50:11.2,0.000934,-0.008066
50:12.2,0.000934,-0.008066
50:13.3,0.000934,-0.008066
50:14.3,0.000934,-0.008066
50:15.3,0.000934,-0.008066
50:16.3,0.000934,-0.008066
50:17.3,0.000934,-0.008066
50:18.3,0.000934,-0.008066
50:19.3,0.000933,-0.008067
50:20.3,0.000934,-0.008066
50:21.3,0.000934,-0.008066
50:22.4,0.000934,-0.008066
50:23.4,0.000934,-0.008066
50:24.4,0.000934,-0.008066
50:25.4,0.000933,-0.008067
50:26.4,0.000934,-0.008066
50:27.4,0.000934,-0.008066
50:28.4,0.000934,-0.008066
50:29.5,0.000934,-0.008066
50:30.5,0.000933,-0.008067
50:31.5,0.000933,-0.008067
50:32.5,0.000933,-0.008067
50:33.5,0.000933,-0.008067
50:34.5,0.000934,-0.008066
50:35.6,0.000933,-0.008067
50:36.6,0.000933,-0.008067
50:37.6,0.000933,-0.008067
50:38.6,0.000933,-0.008067
50:39.6,0.000933,-0.008067
50:40.6,0.000933,-0.008067
50:41.6,0.000933,-0.008067
50:42.7,0.000933,-0.008067
50:43.7,0.000933,-0.008067
50:44.7,0.000933,-0.008067
50:45.7,0.000933,-0.008067
50:46.7,0.000933,-0.008067
50:47.8,0.000933,-0.008067
50:48.8,0.000933,-0.008067
50:49.8,0.000933,-0.008067
50:50.8,0.000933,-0.008067
50:51.8,0.000933,-0.008067
50:52.9,0.000933,-0.008067
50:53.9,0.000933,-0.008067
50:54.9,0.000933,-0.008067
50:55.9,0.000933,-0.008067
50:56.9,0.000933,-0.008067
50:57.9,0.000933,-0.008067
50:59.0,0.000933,-0.008067
51:00.0,0.000933,-0.008067
51:01.0,0.000933,-0.008067
51:02.0,0.000933,-0.008067
51:03.0,0.000933,-0.008067
51:04.0,0.000933,-0.008067
51:05.0,0.000933,-0.008067
51:06.1,0.000933,-0.008067
51:07.1,0.000933,-0.008067
51:08.1,0.000933,-0.008067
51:09.1,0.000933,-0.008067
51:10.1,0.000933,-0.008067
51:11.2,0.000933,-0.008067
51:12.2,0.000933,-0.008067
51:13.2,0.000933,-0.008067
51:14.2,0.000933,-0.008067
51:15.3,0.000933,-0.008067
51:16.3,0.000933,-0.008067
51:17.3,0.000932,-0.008068
51:18.3,0.000933,-0.008067
51:19.3,0.000932,-0.008068
51:20.3,0.000933,-0.008067
51:21.4,0.000932,-0.008068
51:22.4,0.000932,-0.008068
51:23.4,0.000932,-0.008068
51:24.4,0.000932,-0.008068
51:25.4,0.000932,-0.008068
51:26.4,0.000932,-0.008068
51:27.4,0.000932,-0.008068
51:28.4,0.000932,-0.008068
51:29.4,0.000932,-0.008068
51:30.5,0.000932,-0.008068
51:31.5,0.000932,-0.008068
51:32.5,0.000932,-0.008068
51:33.5,0.000932,-0.008068
51:34.5,0.000932,-0.008068
51:35.5,0.000932,-0.008068
51:36.5,0.000932,-0.008068
51:37.6,0.000932,-0.008068
51:38.6,0.000932,-0.008068
51:39.6,0.000932,-0.008068
51:40.6,0.000932,-0.008068
51:41.6,0.000932,-0.008068
51:42.6,0.000932,-0.008068
51:43.7,0.000932,-0.008068
51:44.7,0.000932,-0.008068
51:45.7,0.000932,-0.008068
51:46.7,0.000932,-0.008068
51:47.7,0.000932,-0.008068
51:48.7,0.000932,-0.008068
51:49.8,0.000932,-0.008068
51:50.8,0.000932,-0.008068
51:51.8,0.000932,-0.008068
51:52.8,0.000932,-0.008068
51:53.8,0.000932,-0.008068
51:54.8,0.000932,-0.008068
51:55.9,0.000932,-0.008068
51:56.9,0.000932,-0.008068
51:57.9,0.000932,-0.008068
51:58.9,0.000932,-0.008068
51:59.9,0.000932,-0.008068
52:00.9,0.000932,-0.008068
52:01.9,0.000932,-0.008068
52:03.0,0.000932,-0.008068
52:04.0,0.000932,-0.008068
52:05.0,0.000932,-0.008068
52:06.0,0.000932,-0.008068
52:07.0,0.000932,-0.008068
52:08.0,0.000932,-0.008068
52:09.0,0.000932,-0.008068
52:10.1,0.000932,-0.008068
52:11.1,0.000932,-0.008068
52:12.1,0.000932,-0.008068
52:13.1,0.000931,-0.008069
52:14.1,0.000931,-0.008069
52:15.1,0.000932,-0.008068
52:16.1,0.000932,-0.008068
52:17.2,0.000931,-0.008069
52:18.2,0.000931,-0.008069
52:19.2,0.000932,-0.008068
52:20.2,0.000932,-0.008068
52:21.3,0.000931,-0.008069
52:22.3,0.000932,-0.008068
52:23.3,0.000932,-0.008068
52:24.3,0.000931,-0.008069
52:25.3,0.000931,-0.008069
52:26.3,0.000932,-0.008068
52:27.3,0.000931,-0.008069
52:28.3,0.000931,-0.008069
52:29.4,0.000931,-0.008069
52:30.4,0.000931,-0.008069
52:31.4,0.000931,-0.008069
52:32.4,0.000931,-0.008069
52:33.4,0.000931,-0.008069
52:34.4,0.000931,-0.008069
52:35.5,0.000931,-0.008069
52:36.5,0.000931,-0.008069
52:37.5,0.000931,-0.008069
52:38.5,0.000931,-0.008069
52:39.5,0.000931,-0.008069
52:40.6,0.000931,-0.008069
52:41.6,0.000931,-0.008069
52:42.6,0.000931,-0.008069
52:43.6,0.000931,-0.008069
52:44.7,0.000931,-0.008069
52:45.7,0.000931,-0.008069
52:46.7,0.000931,-0.008069
52:47.7,0.000931,-0.008069
52:48.7,0.000931,-0.008069
52:49.8,0.000931,-0.008069
52:50.8,0.000931,-0.008069
52:51.8,0.000931,-0.008069
52:52.8,0.000931,-0.008069
52:53.8,0.000931,-0.008069
52:54.8,0.000931,-0.008069
52:55.9,0.000931,-0.008069
52:56.9,0.000931,-0.008069
52:57.9,0.000931,-0.008069
52:58.9,0.000931,-0.008069
52:59.9,0.000931,-0.008069
53:01.0,0.000931,-0.008069
53:02.0,0.000931,-0.008069
53:03.0,0.000931,-0.008069
53:04.0,0.000931,-0.008069
53:05.0,0.000931,-0.008069
53:06.0,0.000931,-0.008069
53:07.1,0.000931,-0.008069
53:08.1,0.000931,-0.008069
53:09.1,0.000931,-0.008069
53:10.1,0.000931,-0.008069
53:11.1,0.000931,-0.008069
53:12.1,0.000931,-0.008069
53:13.2,0.000931,-0.008069
53:14.2,0.000931,-0.008069
53:15.2,0.000931,-0.008069
53:16.2,0.000931,-0.008069
53:17.2,0.000931,-0.008069
53:18.2,0.000931,-0.008069
53:19.3,0.000931,-0.008069
53:20.3,0.000931,-0.008069
53:21.3,0.000931,-0.008069
53:22.3,0.000931,-0.008069
53:23.3,0.000931,-0.008069
53:24.3,0.000931,-0.008069
53:25.4,0.00093,-0.00807
53:26.4,0.000931,-0.008069
53:27.4,0.000931,-0.008069
53:28.4,0.000931,-0.008069
53:29.5,0.000931,-0.008069
53:30.5,0.000931,-0.008069
53:31.5,0.000931,-0.008069
53:32.5,0.000931,-0.008069
53:33.5,0.000931,-0.008069
53:34.6,0.00093,-0.00807
53:35.6,0.00093,-0.00807
53:36.6,0.00093,-0.00807
53:37.6,0.00093,-0.00807
53:38.7,0.00093,-0.00807
53:39.7,0.00093,-0.00807
53:40.7,0.00093,-0.00807
53:41.7,0.000931,-0.008069
53:42.7,0.00093,-0.00807
53:43.7,0.000931,-0.008069
53:44.8,0.000931,-0.008069
53:45.8,0.00093,-0.00807
53:46.8,0.000931,-0.008069
53:47.8,0.00093,-0.00807
53:48.9,0.00093,-0.00807
53:49.9,0.00093,-0.00807
53:50.9,0.00093,-0.00807
53:51.9,0.00093,-0.00807
53:52.9,0.00093,-0.00807
53:53.9,0.00093,-0.00807
53:55.0,0.00093,-0.00807
53:56.0,0.00093,-0.00807
53:57.0,0.00093,-0.00807
53:58.0,0.00093,-0.00807
53:59.0,0.00093,-0.00807
54:00.1,0.00093,-0.00807
54:01.1,0.00093,-0.00807
54:02.1,0.00093,-0.00807
54:03.1,0.00093,-0.00807
54:04.1,0.00093,-0.00807
54:05.1,0.00093,-0.00807
54:06.2,0.00093,-0.00807
54:07.2,0.00093,-0.00807
54:08.2,0.00093,-0.00807
54:09.2,0.00093,-0.00807
54:10.2,0.00093,-0.00807
54:11.3,0.00093,-0.00807
54:12.3,0.00093,-0.00807
54:13.3,0.00093,-0.00807
54:14.3,0.00093,-0.00807
54:15.3,0.00093,-0.00807
54:16.3,0.00093,-0.00807
54:17.3,0.00093,-0.00807
54:18.3,0.00093,-0.00807
54:19.4,0.00093,-0.00807
54:20.4,0.00093,-0.00807
54:21.4,0.00093,-0.00807
54:22.4,0.00093,-0.00807
54:23.4,0.00093,-0.00807
54:24.4,0.00093,-0.00807
54:25.4,0.00093,-0.00807
54:26.5,0.00093,-0.00807
54:27.5,0.00093,-0.00807
54:28.5,0.00093,-0.00807
54:29.5,0.00093,-0.00807
54:30.5,0.00093,-0.00807
54:31.5,0.00093,-0.00807
54:32.5,0.00093,-0.00807
54:33.6,0.00093,-0.00807
54:34.6,0.00093,-0.00807
54:35.6,0.00093,-0.00807
54:36.6,0.000929,-0.008071
54:37.6,0.00093,-0.00807
54:38.6,0.00093,-0.00807
54:39.7,0.000929,-0.008071
54:40.7,0.00093,-0.00807
54:41.7,0.00093,-0.00807
54:42.7,0.00093,-0.00807
54:43.7,0.00093,-0.00807
54:44.8,0.000929,-0.008071
54:45.8,0.00093,-0.00807
54:46.8,0.00093,-0.00807
54:47.8,0.000929,-0.008071
54:48.8,0.00093,-0.00807
54:49.9,0.00093,-0.00807
54:50.9,0.000929,-0.008071
54:51.9,0.000929,-0.008071
54:52.9,0.00093,-0.00807
54:53.9,0.00093,-0.00807
54:54.9,0.000929,-0.008071
54:56.0,0.000929,-0.008071
54:57.0,0.00093,-0.00807
54:58.0,0.000929,-0.008071
54:59.0,0.000929,-0.008071
55:00.0,0.000929,-0.008071
55:01.0,0.00093,-0.00807
55:02.1,0.00093,-0.00807
55:03.1,0.00093,-0.00807
55:04.1,0.00093,-0.00807
55:05.1,0.00093,-0.00807
55:06.1,0.000929,-0.008071
55:07.1,0.000929,-0.008071
55:08.2,0.000929,-0.008071
55:09.2,0.000929,-0.008071
55:10.2,0.000929,-0.008071
55:11.2,0.000929,-0.008071
55:12.3,0.000929,-0.008071
55:13.3,0.000929,-0.008071
55:14.3,0.000929,-0.008071
55:15.3,0.000929,-0.008071
55:16.3,0.000929,-0.008071
55:17.3,0.000929,-0.008071
55:18.3,0.000929,-0.008071
55:19.4,0.000929,-0.008071
55:20.4,0.000929,-0.008071
55:21.4,0.000929,-0.008071
55:22.4,0.000929,-0.008071
55:23.4,0.000929,-0.008071
55:24.4,0.000929,-0.008071
55:25.5,0.000929,-0.008071
55:26.5,0.000929,-0.008071
55:27.5,0.000929,-0.008071
55:28.5,0.000929,-0.008071
55:29.5,0.000929,-0.008071
55:30.5,0.000929,-0.008071
55:31.6,0.000929,-0.008071
55:32.6,0.000929,-0.008071
55:33.6,0.000929,-0.008071
55:34.6,0.000929,-0.008071
55:35.6,0.000929,-0.008071
55:36.7,0.000929,-0.008071
55:37.7,0.000929,-0.008071
55:38.7,0.000929,-0.008071
55:39.7,0.000929,-0.008071
55:40.7,0.000929,-0.008071
55:41.7,0.000929,-0.008071
55:42.7,0.000929,-0.008071
55:43.7,0.000929,-0.008071
55:44.7,0.000929,-0.008071
55:45.8,0.000929,-0.008071
55:46.8,0.000929,-0.008071
55:47.8,0.000929,-0.008071
55:48.8,0.000929,-0.008071
55:49.8,0.000929,-0.008071
55:50.8,0.000929,-0.008071
55:51.9,0.000929,-0.008071
55:52.9,0.000929,-0.008071
55:53.9,0.000929,-0.008071
55:54.9,0.000929,-0.008071
55:55.9,0.000929,-0.008071
55:57.0,0.000929,-0.008071
55:58.0,0.000929,-0.008071
55:59.0,0.000929,-0.008071
56:00.0,0.000929,-0.008071
56:01.0,0.000929,-0.008071
56:02.1,0.000929,-0.008071
56:03.1,0.000929,-0.008071
56:04.1,0.000929,-0.008071
56:05.1,0.000929,-0.008071
56:06.1,0.000929,-0.008071
56:07.1,0.000929,-0.008071
56:08.2,0.000929,-0.008071
56:09.2,0.000929,-0.008071
56:10.2,0.000929,-0.008071
56:11.2,0.000929,-0.008071
56:12.3,0.000929,-0.008071
56:13.3,0.000929,-0.008071
56:14.3,0.000929,-0.008071
56:15.3,0.000929,-0.008071
56:16.3,0.000929,-0.008071
56:17.4,0.000929,-0.008071
56:18.4,0.000929,-0.008071
56:19.4,0.000929,-0.008071
56:20.4,0.000929,-0.008071
56:21.4,0.000928,-0.008072
56:22.5,0.000929,-0.008071
56:23.5,0.000929,-0.008071
56:24.5,0.000929,-0.008071
56:25.5,0.000929,-0.008071
56:26.5,0.000928,-0.008072
56:27.5,0.000929,-0.008071
56:28.6,0.000929,-0.008071
56:29.6,0.000929,-0.008071
56:30.6,0.000929,-0.008071
56:31.6,0.000929,-0.008071
56:32.7,0.000929,-0.008071
56:33.7,0.000929,-0.008071
56:34.7,0.000929,-0.008071
56:35.7,0.000928,-0.008072
56:36.7,0.000929,-0.008071
56:37.8,0.000929,-0.008071
56:38.8,0.000929,-0.008071
56:39.8,0.000929,-0.008071
56:40.8,0.000929,-0.008071
56:41.8,0.000929,-0.008071
56:42.8,0.000928,-0.008072
56:43.9,0.000929,-0.008071
56:44.9,0.000929,-0.008071
56:45.9,0.000928,-0.008072
56:46.9,0.000929,-0.008071
56:47.9,0.000929,-0.008071
56:49.0,0.000928,-0.008072
56:50.0,0.000929,-0.008071
56:51.0,0.000928,-0.008072
56:52.0,0.000928,-0.008072
56:53.0,0.000928,-0.008072
56:54.0,0.000929,-0.008071
56:55.0,0.000929,-0.008071
56:56.0,0.000928,-0.008072
56:57.0,0.000928,-0.008072
56:58.0,0.000928,-0.008072
56:59.1,0.000928,-0.008072
57:00.1,0.000928,-0.008072
57:01.1,0.000928,-0.008072
57:02.1,0.000928,-0.008072
57:03.1,0.000928,-0.008072
57:04.1,0.000928,-0.008072
57:05.2,0.000928,-0.008072
57:06.2,0.000928,-0.008072
57:07.2,0.000929,-0.008071
57:08.2,0.000928,-0.008072
57:09.3,0.000928,-0.008072
57:10.3,0.000928,-0.008072
57:11.3,0.000928,-0.008072
57:12.3,0.000928,-0.008072
57:13.3,0.000929,-0.008071
57:14.3,0.000928,-0.008072
57:15.4,0.000928,-0.008072
57:16.4,0.000928,-0.008072
57:17.4,0.000928,-0.008072
57:18.4,0.000928,-0.008072
57:19.4,0.000928,-0.008072
57:20.4,0.000928,-0.008072
57:21.5,0.000928,-0.008072
57:22.5,0.000928,-0.008072
57:23.5,0.000928,-0.008072
57:24.5,0.000928,-0.008072
57:25.5,0.000928,-0.008072
57:26.5,0.000928,-0.008072
57:27.6,0.000928,-0.008072
57:28.6,0.000928,-0.008072
57:29.6,0.000928,-0.008072
57:30.6,0.000928,-0.008072
57:31.6,0.000928,-0.008072
57:32.6,0.000928,-0.008072
57:33.7,0.000928,-0.008072
57:34.7,0.000928,-0.008072
57:35.7,0.000928,-0.008072
57:36.7,0.000928,-0.008072
57:37.7,0.000928,-0.008072
57:38.8,0.000928,-0.008072
57:39.8,0.000928,-0.008072
57:40.8,0.000928,-0.008072
57:41.8,0.000928,-0.008072
57:42.8,0.000928,-0.008072
57:43.8,0.000928,-0.008072
57:44.9,0.000928,-0.008072
57:45.9,0.000928,-0.008072
57:46.9,0.000928,-0.008072
57:47.9,0.000928,-0.008072
57:48.9,0.000928,-0.008072
57:50.0,0.000928,-0.008072
57:51.0,0.000928,-0.008072
57:52.0,0.000928,-0.008072
57:53.0,0.000928,-0.008072
57:54.0,0.000928,-0.008072
57:55.0,0.000928,-0.008072
57:56.0,0.000928,-0.008072
57:57.1,0.000928,-0.008072
57:58.1,0.000928,-0.008072
57:59.1,0.000928,-0.008072
58:00.1,0.000928,-0.008072
58:01.1,0.000928,-0.008072
58:02.1,0.000928,-0.008072
58:03.2,0.000928,-0.008072
58:04.2,0.000928,-0.008072
58:05.2,0.000927,-0.008073
58:06.2,0.000927,-0.008073
58:07.2,0.000927,-0.008073
58:08.3,0.000928,-0.008072
58:09.3,0.000927,-0.008073
58:10.3,0.000928,-0.008072
58:11.3,0.000928,-0.008072
58:12.4,0.000927,-0.008073
58:13.4,0.000927,-0.008073
58:14.4,0.000927,-0.008073
58:15.4,0.000927,-0.008073
58:16.4,0.000927,-0.008073
58:17.4,0.000927,-0.008073
58:18.5,0.000927,-0.008073
58:19.5,0.000927,-0.008073
58:20.5,0.000927,-0.008073
58:21.5,0.000927,-0.008073
58:22.5,0.000927,-0.008073
58:23.5,0.000927,-0.008073
58:24.5,0.000927,-0.008073
58:25.6,0.000927,-0.008073
58:26.6,0.000927,-0.008073
58:27.6,0.000927,-0.008073
58:28.6,0.000927,-0.008073
58:29.6,0.000927,-0.008073
58:30.6,0.000927,-0.008073
58:31.6,0.000927,-0.008073
58:32.6,0.000927,-0.008073
58:33.6,0.000927,-0.008073
58:34.7,0.000927,-0.008073
58:35.7,0.000926,-0.008074
58:36.7,0.000926,-0.008074
58:37.7,0.000926,-0.008074
58:38.7,0.000927,-0.008073
58:39.7,0.000926,-0.008074
58:40.7,0.000926,-0.008074
58:41.7,0.000926,-0.008074
58:42.8,0.000926,-0.008074
58:43.8,0.000926,-0.008074
58:44.8,0.000926,-0.008074
58:45.8,0.000926,-0.008074
58:46.8,0.000926,-0.008074
58:47.9,0.000926,-0.008074
58:48.9,0.000926,-0.008074
58:49.9,0.000926,-0.008074
58:50.9,0.000926,-0.008074
58:51.9,0.000926,-0.008074
58:53.0,0.000926,-0.008074
58:54.0,0.000926,-0.008074
58:55.0,0.000926,-0.008074
58:56.0,0.000926,-0.008074
58:57.1,0.000925,-0.008075
58:58.1,0.000925,-0.008075
58:59.1,0.000925,-0.008075
59:00.1,0.000926,-0.008074
59:01.1,0.000925,-0.008075
59:02.1,0.000925,-0.008075
59:03.2,0.000925,-0.008075
59:04.2,0.000925,-0.008075
59:05.2,0.000925,-0.008075
59:06.2,0.000925,-0.008075
59:07.2,0.000925,-0.008075
59:08.2,0.000925,-0.008075
59:09.3,0.000925,-0.008075
59:10.3,0.000925,-0.008075
59:11.3,0.000925,-0.008075
59:12.4,0.000925,-0.008075
59:13.4,0.000925,-0.008075
59:14.4,0.000925,-0.008075
59:15.4,0.000924,-0.008076
59:16.4,0.000925,-0.008075
59:17.5,0.000925,-0.008075
59:18.5,0.000925,-0.008075
59:19.5,0.000925,-0.008075
59:20.5,0.000925,-0.008075
59:21.5,0.000924,-0.008076
59:22.6,0.000925,-0.008075
59:23.6,0.000924,-0.008076
59:24.6,0.000924,-0.008076
59:25.6,0.000924,-0.008076
59:26.6,0.000925,-0.008075
59:27.6,0.000924,-0.008076
59:28.7,0.000924,-0.008076
59:29.7,0.000924,-0.008076
59:30.7,0.000924,-0.008076
59:31.7,0.000924,-0.008076
59:32.7,0.000924,-0.008076
59:33.7,0.000924,-0.008076
59:34.7,0.000924,-0.008076
59:35.7,0.000924,-0.008076
59:36.8,0.000924,-0.008076
59:37.8,0.000924,-0.008076
59:38.8,0.000924,-0.008076
59:39.8,0.000924,-0.008076
59:40.9,0.000924,-0.008076
59:41.9,0.000924,-0.008076
59:42.9,0.000924,-0.008076
59:43.9,0.000924,-0.008076
59:44.9,0.000924,-0.008076
59:45.9,0.000924,-0.008076
59:46.9,0.000924,-0.008076
59:48.0,0.000924,-0.008076
59:49.0,0.000924,-0.008076
59:50.0,0.000924,-0.008076
59:51.0,0.000924,-0.008076
59:52.0,0.000924,-0.008076
59:53.0,0.000924,-0.008076
59:54.0,0.000924,-0.008076
59:55.1,0.000924,-0.008076
59:56.1,0.000924,-0.008076
59:57.1,0.000924,-0.008076
59:58.1,0.000924,-0.008076
59:59.1,0.000924,-0.008076
00:00.1,0.000924,-0.008076
00:01.2,0.000924,-0.008076
00:02.2,0.000924,-0.008076
00:03.2,0.000924,-0.008076
00:04.2,0.000924,-0.008076
00:05.2,0.000924,-0.008076
00:06.3,0.000924,-0.008076
00:07.3,0.000924,-0.008076
00:08.3,0.000924,-0.008076
00:09.3,0.000924,-0.008076
00:10.3,0.000924,-0.008076
00:11.3,0.000924,-0.008076
00:12.4,0.000924,-0.008076
00:13.4,0.000924,-0.008076
00:14.4,0.000924,-0.008076
00:15.4,0.000924,-0.008076
00:16.5,0.000924,-0.008076
00:17.5,0.000924,-0.008076
00:18.5,0.000924,-0.008076
00:19.5,0.000924,-0.008076
00:20.5,0.000924,-0.008076
00:21.5,0.000924,-0.008076
00:22.5,0.000924,-0.008076
00:23.6,0.000924,-0.008076
00:24.6,0.000924,-0.008076
00:25.6,0.000924,-0.008076
00:26.6,0.000924,-0.008076
00:27.6,0.000924,-0.008076
00:28.6,0.000924,-0.008076
00:29.6,0.000924,-0.008076
00:30.7,0.000924,-0.008076
00:31.7,0.000924,-0.008076
00:32.7,0.000924,-0.008076
00:33.7,0.000923,-0.008077
00:34.7,0.000924,-0.008076
00:35.8,0.000924,-0.008076
00:36.8,0.000924,-0.008076
00:37.8,0.000924,-0.008076
00:38.8,0.000923,-0.008077
00:39.8,0.000924,-0.008076
00:40.8,0.000924,-0.008076
00:41.8,0.000924,-0.008076
00:42.9,0.000924,-0.008076
00:43.9,0.000924,-0.008076
00:44.9,0.000923,-0.008077
00:45.9,0.000924,-0.008076
00:46.9,0.000924,-0.008076
00:47.9,0.000924,-0.008076
00:49.0,0.000924,-0.008076
00:50.0,0.000924,-0.008076
00:51.0,0.000923,-0.008077
00:52.0,0.000923,-0.008077
00:53.0,0.000924,-0.008076
00:54.0,0.000923,-0.008077
00:55.1,0.000924,-0.008076
00:56.1,0.000924,-0.008076
00:57.1,0.000924,-0.008076
00:58.1,0.000923,-0.008077
00:59.1,0.000923,-0.008077
01:00.1,0.000923,-0.008077
01:01.2,0.000923,-0.008077
01:02.2,0.000924,-0.008076
01:03.2,0.000924,-0.008076
01:04.2,0.000923,-0.008077
01:05.2,0.000924,-0.008076
01:06.3,0.000923,-0.008077
01:07.3,0.000923,-0.008077
01:08.3,0.000923,-0.008077
01:09.3,0.000924,-0.008076
01:10.3,0.000923,-0.008077
01:11.3,0.000924,-0.008076
01:12.4,0.000923,-0.008077
01:13.4,0.000924,-0.008076
01:14.4,0.000923,-0.008077
01:15.4,0.000923,-0.008077
01:16.4,0.000923,-0.008077
01:17.4,0.000924,-0.008076
01:18.5,0.000923,-0.008077
01:19.5,0.000923,-0.008077
01:20.5,0.000923,-0.008077
01:21.5,0.000923,-0.008077
01:22.5,0.000923,-0.008077
01:23.6,0.000923,-0.008077
01:24.6,0.000924,-0.008076
01:25.6,0.000923,-0.008077
01:26.6,0.000923,-0.008077
01:27.6,0.000924,-0.008076
01:28.6,0.000923,-0.008077
01:29.6,0.000923,-0.008077
01:30.7,0.000923,-0.008077
01:31.7,0.000923,-0.008077
01:32.7,0.000923,-0.008077
01:33.7,0.000923,-0.008077
01:34.8,0.000923,-0.008077
01:35.8,0.000924,-0.008076
01:36.8,0.000923,-0.008077
01:37.8,0.000923,-0.008077
01:38.8,0.000923,-0.008077
01:39.9,0.000923,-0.008077
01:40.9,0.000923,-0.008077
01:41.9,0.000923,-0.008077
01:42.9,0.000923,-0.008077
01:43.9,0.000923,-0.008077
01:45.0,0.000923,-0.008077
01:46.0,0.000923,-0.008077
01:47.0,0.000923,-0.008077
01:48.0,0.000923,-0.008077
01:49.0,0.000923,-0.008077
01:50.1,0.000923,-0.008077
01:51.1,0.000923,-0.008077
01:52.1,0.000923,-0.008077
01:53.1,0.000923,-0.008077
01:54.1,0.000923,-0.008077
01:55.1,0.000923,-0.008077
01:56.2,0.000923,-0.008077
01:57.2,0.000923,-0.008077
01:58.2,0.000923,-0.008077
01:59.2,0.000923,-0.008077
02:00.2,0.000923,-0.008077
02:01.2,0.000923,-0.008077
02:02.2,0.000923,-0.008077
02:03.3,0.000923,-0.008077
02:04.3,0.000923,-0.008077
02:05.3,0.000923,-0.008077
02:06.3,0.000923,-0.008077
02:07.3,0.000923,-0.008077
02:08.3,0.000923,-0.008077
02:09.4,0.000923,-0.008077
02:10.4,0.000923,-0.008077
02:11.4,0.000923,-0.008077
02:12.4,0.000923,-0.008077
02:13.4,0.000923,-0.008077
02:14.4,0.000923,-0.008077
02:15.5,0.000923,-0.008077
02:16.5,0.000923,-0.008077
02:17.5,0.000923,-0.008077
02:18.5,0.000923,-0.008077
02:19.6,0.000923,-0.008077
02:20.6,0.000923,-0.008077
02:21.6,0.000923,-0.008077
02:22.6,0.000923,-0.008077
02:23.6,0.000923,-0.008077
02:24.7,0.000923,-0.008077
02:25.7,0.000923,-0.008077
02:26.7,0.000923,-0.008077
02:27.7,0.000923,-0.008077
02:28.7,0.000923,-0.008077
02:29.7,0.000923,-0.008077
02:30.8,0.000923,-0.008077
02:31.8,0.000923,-0.008077
02:32.8,0.000923,-0.008077
02:33.8,0.000923,-0.008077
02:34.8,0.000923,-0.008077
02:35.9,0.000923,-0.008077
02:36.9,0.000923,-0.008077
02:37.9,0.000923,-0.008077
02:38.9,0.000923,-0.008077
02:39.9,0.000923,-0.008077
02:40.9,0.000923,-0.008077
02:41.9,0.000923,-0.008077
02:42.9,0.000923,-0.008077
02:44.0,0.000923,-0.008077
02:45.0,0.000923,-0.008077
02:46.0,0.000923,-0.008077
02:47.0,0.000923,-0.008077
02:48.0,0.000923,-0.008077
02:49.0,0.000923,-0.008077
02:50.0,0.000923,-0.008077
02:51.0,0.000923,-0.008077
02:52.1,0.000923,-0.008077
02:53.1,0.000923,-0.008077
02:54.1,0.000923,-0.008077
02:55.1,0.000923,-0.008077
02:56.1,0.000923,-0.008077
02:57.1,0.000923,-0.008077
02:58.1,0.000923,-0.008077
02:59.2,0.000923,-0.008077
03:00.2,0.000923,-0.008077
03:01.2,0.000923,-0.008077
03:02.2,0.000923,-0.008077
03:03.2,0.000922,-0.008078
03:04.2,0.000923,-0.008077
03:05.2,0.000923,-0.008077
03:06.3,0.000923,-0.008077
03:07.3,0.000923,-0.008077
03:08.3,0.000923,-0.008077
03:09.3,0.000922,-0.008078
03:10.3,0.000923,-0.008077
03:11.4,0.000923,-0.008077
03:12.4,0.000923,-0.008077
03:13.4,0.000923,-0.008077
03:14.4,0.000923,-0.008077
03:15.4,0.000923,-0.008077
03:16.5,0.000923,-0.008077
03:17.5,0.000923,-0.008077
03:18.5,0.000923,-0.008077
03:19.6,0.000923,-0.008077
03:20.6,0.000923,-0.008077
03:21.6,0.000923,-0.008077
03:22.6,0.000923,-0.008077
03:23.6,0.000923,-0.008077
03:24.6,0.000923,-0.008077
03:25.7,0.000922,-0.008078
03:26.7,0.000922,-0.008078
03:27.7,0.000923,-0.008077
03:28.7,0.000922,-0.008078
03:29.8,0.000923,-0.008077
03:30.8,0.000923,-0.008077
03:31.8,0.000922,-0.008078
03:32.8,0.000923,-0.008077
03:33.8,0.000923,-0.008077
03:34.9,0.000923,-0.008077
03:35.9,0.000923,-0.008077
03:36.9,0.000922,-0.008078
03:37.9,0.000922,-0.008078
03:38.9,0.000922,-0.008078
03:39.9,0.000922,-0.008078
03:41.0,0.000923,-0.008077
03:42.0,0.000922,-0.008078
03:43.0,0.000923,-0.008077
03:44.0,0.000922,-0.008078
03:45.0,0.000922,-0.008078
03:46.1,0.000922,-0.008078
03:47.1,0.000923,-0.008077
03:48.1,0.000923,-0.008077
03:49.1,0.000923,-0.008077
03:50.1,0.000922,-0.008078
03:51.2,0.000922,-0.008078
03:52.2,0.000922,-0.008078
03:53.2,0.000922,-0.008078
03:54.2,0.000922,-0.008078
03:55.2,0.000922,-0.008078
03:56.2,0.000922,-0.008078
03:57.2,0.000923,-0.008077
03:58.3,0.000922,-0.008078
03:59.3,0.000922,-0.008078
04:00.3,0.000922,-0.008078
04:01.3,0.000922,-0.008078
04:02.3,0.000922,-0.008078
04:03.3,0.000923,-0.008077
04:04.3,0.000922,-0.008078
04:05.4,0.000922,-0.008078
04:06.4,0.000922,-0.008078
04:07.4,0.000923,-0.008077
04:08.4,0.000922,-0.008078
04:09.4,0.000922,-0.008078
04:10.4,0.000922,-0.008078
04:11.4,0.000922,-0.008078
04:12.5,0.000922,-0.008078
04:13.5,0.000922,-0.008078
04:14.5,0.000922,-0.008078
04:15.5,0.000922,-0.008078
04:16.6,0.000922,-0.008078
04:17.6,0.000922,-0.008078
04:18.6,0.000922,-0.008078
04:19.6,0.000922,-0.008078
04:20.6,0.000922,-0.008078
04:21.6,0.000922,-0.008078
04:22.7,0.000922,-0.008078
04:23.7,0.000922,-0.008078
04:24.7,0.000922,-0.008078
04:25.7,0.000922,-0.008078
04:26.7,0.000922,-0.008078
04:27.7,0.000922,-0.008078
04:28.8,0.000922,-0.008078
04:29.8,0.000922,-0.008078
04:30.8,0.000922,-0.008078
04:31.8,0.000922,-0.008078
04:32.8,0.000922,-0.008078
04:33.8,0.000922,-0.008078
04:34.8,0.000922,-0.008078
04:35.9,0.000922,-0.008078
04:36.9,0.000922,-0.008078
04:37.9,0.000922,-0.008078
04:38.9,0.000922,-0.008078
04:39.9,0.000922,-0.008078
04:41.0,0.000922,-0.008078
04:42.0,0.000922,-0.008078
04:43.0,0.000922,-0.008078
04:44.0,0.000922,-0.008078
04:45.0,0.000922,-0.008078
04:46.0,0.000922,-0.008078
04:47.0,0.000922,-0.008078
04:48.1,0.000922,-0.008078
04:49.1,0.000922,-0.008078
04:50.1,0.000922,-0.008078
04:51.1,0.000922,-0.008078
04:52.1,0.000922,-0.008078
04:53.2,0.000922,-0.008078
04:54.2,0.000922,-0.008078
04:55.2,0.000922,-0.008078
04:56.2,0.000922,-0.008078
04:57.3,0.000922,-0.008078
04:58.3,0.000922,-0.008078
04:59.3,0.000922,-0.008078
05:00.3,0.000922,-0.008078
05:01.3,0.000922,-0.008078
05:02.4,0.000922,-0.008078
05:03.4,0.000922,-0.008078
05:04.4,0.000922,-0.008078
05:05.4,0.000922,-0.008078
05:06.4,0.000922,-0.008078
05:07.4,0.000922,-0.008078
05:08.5,0.000922,-0.008078
05:09.5,0.000922,-0.008078
05:10.5,0.000922,-0.008078
05:11.5,0.000922,-0.008078
05:12.5,0.000922,-0.008078
05:13.5,0.000922,-0.008078
05:14.6,0.000922,-0.008078
05:15.6,0.000922,-0.008078
05:16.6,0.000922,-0.008078
05:17.6,0.000922,-0.008078
05:18.6,0.000922,-0.008078
05:19.6,0.000922,-0.008078
05:20.7,0.000922,-0.008078
05:21.7,0.000922,-0.008078
05:22.7,0.000922,-0.008078
05:23.7,0.000922,-0.008078
05:24.7,0.000922,-0.008078
05:25.7,0.000922,-0.008078
05:26.7,0.000922,-0.008078
05:27.7,0.000922,-0.008078
05:28.8,0.000922,-0.008078
05:29.8,0.000922,-0.008078
05:30.8,0.000922,-0.008078
05:31.8,0.000922,-0.008078
05:32.8,0.000922,-0.008078
05:33.8,0.000922,-0.008078
05:34.8,0.000921,-0.008079
05:35.8,0.000922,-0.008078
05:36.9,0.000922,-0.008078
05:37.9,0.000922,-0.008078
05:38.9,0.000921,-0.008079
05:39.9,0.000922,-0.008078
05:40.9,0.000922,-0.008078
05:42.0,0.000921,-0.008079
05:43.0,0.000922,-0.008078
05:44.0,0.000922,-0.008078
05:45.0,0.000922,-0.008078
05:46.0,0.000922,-0.008078
05:47.0,0.000922,-0.008078
05:48.0,0.000922,-0.008078
05:49.0,0.000922,-0.008078
05:50.1,0.000922,-0.008078
05:51.1,0.000922,-0.008078
05:52.1,0.000922,-0.008078
05:53.1,0.000922,-0.008078
05:54.1,0.000922,-0.008078
05:55.1,0.000922,-0.008078
05:56.1,0.000922,-0.008078
05:57.1,0.000922,-0.008078
05:58.2,0.000922,-0.008078
05:59.2,0.000922,-0.008078
06:00.2,0.000922,-0.008078
06:01.2,0.000921,-0.008079
06:02.2,0.000922,-0.008078
06:03.3,0.000922,-0.008078
06:04.3,0.000922,-0.008078
06:05.3,0.000922,-0.008078
06:06.3,0.000921,-0.008079
06:07.3,0.000922,-0.008078
06:08.4,0.000922,-0.008078
06:09.4,0.000922,-0.008078
06:10.4,0.000921,-0.008079
06:11.4,0.000921,-0.008079
06:12.4,0.000922,-0.008078
06:13.4,0.000922,-0.008078
06:14.4,0.000921,-0.008079
06:15.4,0.000922,-0.008078
06:16.5,0.000922,-0.008078
06:17.5,0.000922,-0.008078
06:18.5,0.000921,-0.008079
06:19.5,0.000921,-0.008079
06:20.5,0.000921,-0.008079
06:21.5,0.000921,-0.008079
06:22.6,0.000921,-0.008079
06:23.6,0.000921,-0.008079
06:24.6,0.000921,-0.008079
06:25.6,0.000922,-0.008078
06:26.6,0.000921,-0.008079
06:27.7,0.000921,-0.008079
06:28.7,0.000921,-0.008079
06:29.7,0.000921,-0.008079
06:30.7,0.000921,-0.008079
06:31.7,0.000921,-0.008079
06:32.7,0.000921,-0.008079
06:33.8,0.000921,-0.008079
06:34.8,0.000921,-0.008079
06:35.8,0.000921,-0.008079
06:36.8,0.000921,-0.008079
06:37.8,0.000921,-0.008079
06:38.8,0.000921,-0.008079
06:39.8,0.000921,-0.008079
06:40.9,0.000921,-0.008079
06:41.9,0.000921,-0.008079
06:42.9,0.000921,-0.008079
06:43.9,0.000921,-0.008079
06:44.9,0.000921,-0.008079
06:45.9,0.000921,-0.008079
06:47.0,0.000921,-0.008079
06:48.0,0.000921,-0.008079
06:49.0,0.000921,-0.008079
06:50.0,0.000921,-0.008079
06:51.0,0.000921,-0.008079
06:52.1,0.000921,-0.008079
06:53.1,0.000921,-0.008079
06:54.1,0.000921,-0.008079
06:55.2,0.000921,-0.008079
06:56.2,0.000921,-0.008079
06:57.2,0.000921,-0.008079
06:58.2,0.000921,-0.008079
06:59.2,0.000921,-0.008079
07:00.3,0.000921,-0.008079
07:01.3,0.000921,-0.008079
07:02.3,0.000921,-0.008079
07:03.3,0.000921,-0.008079
07:04.3,0.000921,-0.008079
07:05.3,0.000921,-0.008079
07:06.4,0.000921,-0.008079
07:07.4,0.000921,-0.008079
07:08.4,0.000921,-0.008079
07:09.4,0.000921,-0.008079
07:10.4,0.000921,-0.008079
07:11.4,0.000921,-0.008079
07:12.5,0.000921,-0.008079
07:13.5,0.000921,-0.008079
07:14.5,0.000921,-0.008079
07:15.5,0.000921,-0.008079
07:16.5,0.000921,-0.008079
07:17.5,0.000921,-0.008079
07:18.6,0.000921,-0.008079
07:19.6,0.000921,-0.008079
07:20.6,0.000921,-0.008079
07:21.6,0.000921,-0.008079
07:22.6,0.000921,-0.008079
07:23.6,0.000921,-0.008079
07:24.7,0.000921,-0.008079
07:25.7,0.000921,-0.008079
07:26.7,0.000921,-0.008079
07:27.7,0.000921,-0.008079
07:28.7,0.000921,-0.008079
07:29.8,0.000921,-0.008079
07:30.8,0.000921,-0.008079
07:31.8,0.000921,-0.008079
07:32.8,0.000921,-0.008079
07:33.8,0.000921,-0.008079
07:34.9,0.000921,-0.008079
07:35.9,0.000921,-0.008079
07:36.9,0.000921,-0.008079
07:37.9,0.00092,-0.00808
07:38.9,0.000921,-0.008079
07:39.9,0.000921,-0.008079
07:40.9,0.000921,-0.008079
07:41.9,0.000921,-0.008079
07:42.9,0.00092,-0.00808
07:43.9,0.000921,-0.008079
07:45.0,0.00092,-0.00808
07:46.0,0.000921,-0.008079
07:47.0,0.000921,-0.008079
07:48.0,0.000921,-0.008079
07:49.0,0.00092,-0.00808
07:50.0,0.00092,-0.00808
07:51.1,0.000921,-0.008079
07:52.1,0.000921,-0.008079
07:53.1,0.00092,-0.00808
07:54.1,0.00092,-0.00808
07:55.2,0.00092,-0.00808
07:56.2,0.000921,-0.008079
07:57.2,0.000921,-0.008079
07:58.2,0.000921,-0.008079
07:59.2,0.000921,-0.008079
08:00.2,0.000921,-0.008079
08:01.3,0.000921,-0.008079
08:02.3,0.000921,-0.008079
08:03.3,0.000921,-0.008079
08:04.3,0.000921,-0.008079
08:05.3,0.00092,-0.00808
08:06.3,0.00092,-0.00808
08:07.4,0.000921,-0.008079
08:08.4,0.000921,-0.008079
08:09.4,0.000921,-0.008079
08:10.4,0.00092,-0.00808
08:11.4,0.000921,-0.008079
08:12.4,0.000921,-0.008079
08:13.4,0.000921,-0.008079
08:14.4,0.000921,-0.008079
08:15.5,0.00092,-0.00808
08:16.5,0.000921,-0.008079
08:17.5,0.000921,-0.008079
08:18.5,0.000921,-0.008079
08:19.5,0.000921,-0.008079
08:20.5,0.00092,-0.00808
08:21.5,0.00092,-0.00808
08:22.5,0.000921,-0.008079
08:23.5,0.000921,-0.008079
