timestamp,,power,error
46:29.8,1.00,0.000942,-0.008058
46:30.9,2.00,0.000942,-0.008058
46:31.9,3.00,0.000942,-0.008058
46:32.9,4.00,0.000942,-0.008058
46:33.9,5.00,0.000942,-0.008058
46:34.9,6.00,0.000942,-0.008058
46:35.9,7.00,0.000942,-0.008058
46:37.0,8.00,0.000942,-0.008058
46:38.0,9.00,0.000942,-0.008058
46:39.0,10.00,0.000942,-0.008058
46:40.0,11.00,0.000942,-0.008058
46:41.0,12.00,0.000942,-0.008058
46:42.1,13.00,0.000942,-0.008058
46:43.1,14.00,0.000942,-0.008058
46:44.1,15.00,0.000942,-0.008058
46:45.1,16.00,0.000942,-0.008058
46:46.1,17.00,0.000942,-0.008058
46:47.1,18.00,0.000942,-0.008058
46:48.1,19.00,0.000942,-0.008058
46:49.2,20.00,0.000943,-0.008057
46:50.2,21.00,0.000942,-0.008058
46:51.2,22.00,0.000942,-0.008058
46:52.2,23.00,0.000942,-0.008058
46:53.2,24.00,0.000942,-0.008058
46:54.2,25.00,0.000943,-0.008057
46:55.2,26.00,0.000942,-0.008058
46:56.2,27.00,0.000943,-0.008057
46:57.3,28.00,0.000943,-0.008057
46:58.3,29.00,0.000943,-0.008057
46:59.3,30.00,0.000943,-0.008057
47:00.3,31.00,0.000942,-0.008058
47:01.3,32.00,0.000943,-0.008057
47:02.4,33.00,0.000942,-0.008058
47:03.4,34.00,0.000943,-0.008057
47:04.4,35.00,0.000943,-0.008057
47:05.4,36.00,0.000943,-0.008057
47:06.4,37.00,0.000943,-0.008057
47:07.4,38.00,0.000943,-0.008057
47:08.5,39.00,0.000943,-0.008057
47:09.5,40.00,0.000943,-0.008057
47:10.5,41.00,0.000943,-0.008057
47:11.5,42.00,0.000943,-0.008057
47:12.5,43.00,0.000943,-0.008057
47:13.5,44.00,0.000943,-0.008057
47:14.5,45.00,0.000943,-0.008057
47:15.6,46.00,0.000943,-0.008057
47:16.6,47.00,0.000943,-0.008057
47:17.6,48.00,0.000943,-0.008057
47:18.6,49.00,0.000943,-0.008057
47:19.6,50.00,0.000943,-0.008057
47:20.6,51.00,0.000943,-0.008057
47:21.6,52.00,0.000943,-0.008057
47:22.6,53.00,0.000943,-0.008057
47:23.7,54.00,0.000943,-0.008057
47:24.7,55.00,0.000943,-0.008057
47:25.7,56.00,0.000943,-0.008057
47:26.7,57.00,0.000943,-0.008057
47:27.7,58.00,0.000943,-0.008057
47:28.8,59.00,0.000943,-0.008057
47:29.8,60.00,0.000943,-0.008057
47:30.8,61.00,0.000943,-0.008057
47:31.8,62.00,0.000943,-0.008057
47:32.8,63.00,0.000943,-0.008057
47:33.8,64.00,0.000943,-0.008057
47:34.9,65.00,0.000943,-0.008057
47:35.9,66.00,0.000943,-0.008057
47:36.9,67.00,0.000943,-0.008057
47:37.9,68.00,0.000943,-0.008057
47:38.9,69.00,0.000943,-0.008057
47:40.0,70.00,0.000943,-0.008057
47:41.0,71.00,0.000943,-0.008057
47:42.0,72.00,0.000943,-0.008057
47:43.0,73.00,0.000943,-0.008057
47:44.0,74.00,0.000943,-0.008057
47:45.0,75.00,0.000943,-0.008057
47:46.0,76.00,0.000943,-0.008057
47:47.1,77.00,0.000943,-0.008057
47:48.1,78.00,0.000943,-0.008057
47:49.1,79.00,0.000943,-0.008057
47:50.1,80.00,0.000943,-0.008057
47:51.1,81.00,0.000943,-0.008057
47:52.2,82.00,0.000943,-0.008057
47:53.2,83.00,0.000943,-0.008057
47:54.2,84.00,0.000943,-0.008057
47:55.2,85.00,0.000943,-0.008057
47:56.2,86.00,0.000943,-0.008057
47:57.3,87.00,0.000943,-0.008057
47:58.3,88.00,0.000943,-0.008057
47:59.3,89.00,0.000943,-0.008057
48:00.3,90.00,0.000943,-0.008057
48:01.3,91.00,0.000943,-0.008057
48:02.4,92.00,0.000943,-0.008057
48:03.4,93.00,0.000943,-0.008057
48:04.4,94.00,0.000943,-0.008057
48:05.4,95.00,0.000943,-0.008057
48:06.4,96.00,0.000943,-0.008057
48:07.4,97.00,0.000943,-0.008057
48:08.4,98.00,0.000943,-0.008057
48:09.4,99.00,0.000943,-0.008057
48:10.5,100.00,0.000943,-0.008057
48:11.5,101.00,0.000943,-0.008057
48:12.5,102.00,0.000943,-0.008057
48:13.5,103.00,0.000943,-0.008057
48:14.5,104.00,0.000943,-0.008057
48:15.6,105.00,0.000943,-0.008057
48:16.6,106.00,0.000943,-0.008057
48:17.6,107.00,0.000943,-0.008057
48:18.6,108.00,0.000943,-0.008057
48:19.6,109.00,0.000943,-0.008057
48:20.6,110.00,0.000944,-0.008056
48:21.6,111.00,0.000943,-0.008057
48:22.6,112.00,0.000943,-0.008057
48:23.7,113.00,0.000944,-0.008056
48:24.7,114.00,0.000943,-0.008057
48:25.7,115.00,0.000943,-0.008057
48:26.7,116.00,0.000943,-0.008057
48:27.7,117.00,0.000943,-0.008057
48:28.7,118.00,0.000943,-0.008057
48:29.8,119.00,0.000943,-0.008057
48:30.8,120.00,0.000944,-0.008056
48:31.8,121.00,0.000943,-0.008057
48:32.8,122.00,0.000944,-0.008056
48:33.8,123.00,0.000943,-0.008057
48:34.9,124.00,0.000943,-0.008057
48:35.9,125.00,0.000943,-0.008057
48:36.9,126.00,0.000943,-0.008057
48:37.9,127.00,0.000944,-0.008056
48:38.9,128.00,0.000944,-0.008056
48:40.0,129.00,0.000944,-0.008056
48:41.0,130.00,0.000944,-0.008056
48:42.0,131.00,0.000944,-0.008056
48:43.0,132.00,0.000943,-0.008057
48:44.0,133.00,0.000943,-0.008057
48:45.1,134.00,0.000944,-0.008056
48:46.1,135.00,0.000944,-0.008056
48:47.1,136.00,0.000943,-0.008057
48:48.1,137.00,0.000944,-0.008056
48:49.1,138.00,0.000944,-0.008056
48:50.2,139.00,0.000944,-0.008056
48:51.2,140.00,0.000944,-0.008056
48:52.2,141.00,0.000943,-0.008057
48:53.2,142.00,0.000943,-0.008057
48:54.2,143.00,0.000944,-0.008056
48:55.2,144.00,0.000944,-0.008056
48:56.2,145.00,0.000944,-0.008056
48:57.3,146.00,0.000944,-0.008056
48:58.3,147.00,0.000944,-0.008056
48:59.3,148.00,0.000944,-0.008056
49:00.3,149.00,0.000944,-0.008056
49:01.3,150.00,0.000944,-0.008056
49:02.4,151.00,0.000943,-0.008057
49:03.4,152.00,0.000944,-0.008056
49:04.4,153.00,0.000944,-0.008056
49:05.4,154.00,0.000944,-0.008056
49:06.4,155.00,0.000944,-0.008056
49:07.4,156.00,0.000944,-0.008056
49:08.4,157.00,0.000944,-0.008056
49:09.4,158.00,0.000944,-0.008056
49:10.5,159.00,0.000944,-0.008056
49:11.5,160.00,0.000944,-0.008056
49:12.5,161.00,0.000944,-0.008056
49:13.5,162.00,0.000944,-0.008056
49:14.5,163.00,0.000944,-0.008056
49:15.6,164.00,0.000944,-0.008056
49:16.6,165.00,0.000944,-0.008056
49:17.6,166.00,0.000944,-0.008056
49:18.6,167.00,0.000944,-0.008056
49:19.6,168.00,0.000944,-0.008056
49:20.7,169.00,0.000944,-0.008056
49:21.7,170.00,0.000944,-0.008056
49:22.7,171.00,0.000944,-0.008056
49:23.7,172.00,0.000944,-0.008056
49:24.7,173.00,0.000944,-0.008056
49:25.8,174.00,0.000944,-0.008056
49:26.8,175.00,0.000944,-0.008056
49:27.8,176.00,0.000944,-0.008056
49:28.8,177.00,0.000944,-0.008056
49:29.8,178.00,0.000944,-0.008056
49:30.8,179.00,0.000944,-0.008056
49:31.8,180.00,0.000944,-0.008056
49:32.8,181.00,0.000944,-0.008056
49:33.9,182.00,0.000944,-0.008056
49:34.9,183.00,0.000944,-0.008056
49:35.9,184.00,0.000944,-0.008056
49:36.9,185.00,0.000944,-0.008056
49:37.9,186.00,0.000944,-0.008056
49:39.0,187.00,0.000944,-0.008056
49:40.0,188.00,0.000944,-0.008056
49:41.0,189.00,0.000944,-0.008056
49:42.0,190.00,0.000944,-0.008056
49:43.0,191.00,0.000944,-0.008056
49:44.0,192.00,0.000944,-0.008056
49:45.0,193.00,0.000944,-0.008056
49:46.0,194.00,0.000944,-0.008056
49:47.1,195.00,0.000944,-0.008056
49:48.1,196.00,0.000944,-0.008056
49:49.1,197.00,0.000944,-0.008056
49:50.1,198.00,0.000944,-0.008056
49:51.1,199.00,0.000944,-0.008056
49:52.2,200.00,0.000944,-0.008056
49:53.2,201.00,0.000944,-0.008056
49:54.2,202.00,0.000944,-0.008056
49:55.2,203.00,0.000944,-0.008056
49:56.2,204.00,0.000944,-0.008056
49:57.2,205.00,0.000944,-0.008056
49:58.2,206.00,0.000944,-0.008056
49:59.2,207.00,0.000944,-0.008056
50:00.3,208.00,0.000944,-0.008056
50:01.3,209.00,0.000944,-0.008056
50:02.3,210.00,0.000944,-0.008056
50:03.3,211.00,0.000944,-0.008056
50:04.3,212.00,0.000944,-0.008056
50:05.4,213.00,0.000944,-0.008056
50:06.4,214.00,0.000944,-0.008056
50:07.4,215.00,0.000944,-0.008056
50:08.4,216.00,0.000944,-0.008056
50:09.4,217.00,0.000945,-0.008055
50:10.4,218.00,0.000944,-0.008056
50:11.4,219.00,0.000944,-0.008056
50:12.4,220.00,0.000944,-0.008056
50:13.5,221.00,0.000944,-0.008056
50:14.5,222.00,0.000944,-0.008056
50:15.5,223.00,0.000944,-0.008056
50:16.5,224.00,0.000944,-0.008056
50:17.5,225.00,0.000944,-0.008056
50:18.6,226.00,0.000944,-0.008056
50:19.6,227.00,0.000944,-0.008056
50:20.6,228.00,0.000944,-0.008056
50:21.6,229.00,0.000944,-0.008056
50:22.6,230.00,0.000944,-0.008056
50:23.6,231.00,0.000944,-0.008056
50:24.6,232.00,0.000944,-0.008056
50:25.7,233.00,0.000944,-0.008056
50:26.7,234.00,0.000944,-0.008056
50:27.7,235.00,0.000944,-0.008056
50:28.7,236.00,0.000944,-0.008056
50:29.7,237.00,0.000944,-0.008056
50:30.7,238.00,0.000944,-0.008056
50:31.8,239.00,0.000944,-0.008056
50:32.8,240.00,0.000944,-0.008056
50:33.8,241.00,0.000944,-0.008056
50:34.8,242.00,0.000944,-0.008056
50:35.8,243.00,0.000944,-0.008056
50:36.8,244.00,0.000944,-0.008056
50:37.8,245.00,0.000944,-0.008056
50:38.9,246.00,0.000944,-0.008056
50:39.9,247.00,0.000944,-0.008056
50:40.9,248.00,0.000944,-0.008056
50:41.9,249.00,0.000944,-0.008056
50:42.9,250.00,0.000944,-0.008056
50:43.9,251.00,0.000944,-0.008056
50:44.9,252.00,0.000944,-0.008056
50:46.0,253.00,0.000944,-0.008056
50:47.0,254.00,0.000944,-0.008056
50:48.0,255.00,0.000944,-0.008056
50:49.0,256.00,0.000944,-0.008056
50:50.0,257.00,0.000944,-0.008056
50:51.0,258.00,0.000944,-0.008056
50:52.1,259.00,0.000944,-0.008056
50:53.1,260.00,0.000944,-0.008056
50:54.1,261.00,0.000944,-0.008056
50:55.1,262.00,0.000944,-0.008056
50:56.1,263.00,0.000944,-0.008056
50:57.2,264.00,0.000944,-0.008056
50:58.2,265.00,0.000944,-0.008056
50:59.2,266.00,0.000944,-0.008056
51:00.2,267.00,0.000944,-0.008056
51:01.2,268.00,0.000944,-0.008056
51:02.2,269.00,0.000944,-0.008056
51:03.3,270.00,0.000944,-0.008056
51:04.3,271.00,0.000944,-0.008056
51:05.3,272.00,0.000944,-0.008056
51:06.3,273.00,0.000944,-0.008056
51:07.4,274.00,0.000944,-0.008056
51:08.4,275.00,0.000944,-0.008056
51:09.4,276.00,0.000945,-0.008055
51:10.4,277.00,0.000944,-0.008056
51:11.4,278.00,0.000944,-0.008056
51:12.4,279.00,0.000944,-0.008056
51:13.5,280.00,0.000944,-0.008056
51:14.5,281.00,0.000944,-0.008056
51:15.5,282.00,0.000944,-0.008056
51:16.5,283.00,0.000944,-0.008056
51:17.5,284.00,0.000944,-0.008056
51:18.6,285.00,0.000944,-0.008056
51:19.6,286.00,0.000944,-0.008056
51:20.6,287.00,0.000944,-0.008056
51:21.6,288.00,0.000944,-0.008056
51:22.6,289.00,0.000944,-0.008056
51:23.6,290.00,0.000945,-0.008055
51:24.7,291.00,0.000944,-0.008056
51:25.7,292.00,0.000944,-0.008056
51:26.7,293.00,0.000945,-0.008055
51:27.7,294.00,0.000944,-0.008056
51:28.7,295.00,0.000945,-0.008055
51:29.7,296.00,0.000944,-0.008056
51:30.7,297.00,0.000944,-0.008056
51:31.8,298.00,0.000945,-0.008055
51:32.8,299.00,0.000944,-0.008056
51:33.8,300.00,0.000944,-0.008056
51:34.8,301.00,0.000944,-0.008056
51:35.8,302.00,0.000944,-0.008056
51:36.8,303.00,0.000944,-0.008056
51:37.8,304.00,0.000944,-0.008056
51:38.9,305.00,0.000944,-0.008056
51:39.9,306.00,0.000945,-0.008055
51:40.9,307.00,0.000945,-0.008055
51:41.9,308.00,0.000944,-0.008056
51:42.9,309.00,0.000944,-0.008056
51:43.9,310.00,0.000944,-0.008056
51:44.9,311.00,0.000945,-0.008055
51:46.0,312.00,0.000944,-0.008056
51:47.0,313.00,0.000944,-0.008056
51:48.0,314.00,0.000944,-0.008056
51:49.0,315.00,0.000944,-0.008056
51:50.1,316.00,0.000944,-0.008056
51:51.1,317.00,0.000945,-0.008055
51:52.1,318.00,0.000944,-0.008056
51:53.1,319.00,0.000944,-0.008056
51:54.2,320.00,0.000944,-0.008056
51:55.2,321.00,0.000944,-0.008056
51:56.2,322.00,0.000944,-0.008056
51:57.2,323.00,0.000944,-0.008056
51:58.2,324.00,0.000944,-0.008056
51:59.3,325.00,0.000945,-0.008055
52:00.3,326.00,0.000944,-0.008056
52:01.3,327.00,0.000944,-0.008056
52:02.3,328.00,0.000944,-0.008056
52:03.3,329.00,0.000944,-0.008056
52:04.4,330.00,0.000945,-0.008055
52:05.4,331.00,0.000945,-0.008055
52:06.4,332.00,0.000944,-0.008056
52:07.4,333.00,0.000944,-0.008056
52:08.4,334.00,0.000944,-0.008056
52:09.4,335.00,0.000944,-0.008056
52:10.5,336.00,0.000944,-0.008056
52:11.5,337.00,0.000944,-0.008056
52:12.5,338.00,0.000944,-0.008056
52:13.5,339.00,0.000945,-0.008055
52:14.5,340.00,0.000944,-0.008056
52:15.5,341.00,0.000944,-0.008056
52:16.5,342.00,0.000944,-0.008056
52:17.6,343.00,0.000944,-0.008056
52:18.6,344.00,0.000944,-0.008056
52:19.6,345.00,0.000945,-0.008055
52:20.6,346.00,0.000944,-0.008056
52:21.6,347.00,0.000944,-0.008056
52:22.6,348.00,0.000944,-0.008056
52:23.7,349.00,0.000944,-0.008056
52:24.7,350.00,0.000944,-0.008056
52:25.7,351.00,0.000944,-0.008056
52:26.7,352.00,0.000944,-0.008056
52:27.8,353.00,0.000945,-0.008055
52:28.8,354.00,0.000944,-0.008056
52:29.8,355.00,0.000944,-0.008056
52:30.8,356.00,0.000944,-0.008056
52:31.8,357.00,0.000944,-0.008056
52:32.8,358.00,0.000944,-0.008056
52:33.9,359.00,0.000944,-0.008056
52:34.9,360.00,0.000944,-0.008056
52:35.9,361.00,0.000944,-0.008056
52:36.9,362.00,0.000944,-0.008056
52:37.9,363.00,0.000944,-0.008056
52:38.9,364.00,0.000944,-0.008056
52:39.9,365.00,0.000944,-0.008056
52:40.9,366.00,0.000944,-0.008056
52:42.0,367.00,0.000944,-0.008056
52:43.0,368.00,0.000944,-0.008056
52:44.0,369.00,0.000944,-0.008056
52:45.0,370.00,0.000944,-0.008056
52:46.0,371.00,0.000944,-0.008056
52:47.0,372.00,0.000944,-0.008056
52:48.0,373.00,0.000944,-0.008056
52:49.1,374.00,0.000944,-0.008056
52:50.1,375.00,0.000944,-0.008056
52:51.1,376.00,0.000944,-0.008056
52:52.1,377.00,0.000944,-0.008056
52:53.1,378.00,0.000944,-0.008056
52:54.1,379.00,0.000944,-0.008056
52:55.1,380.00,0.000944,-0.008056
52:56.2,381.00,0.000944,-0.008056
52:57.2,382.00,0.000944,-0.008056
52:58.2,383.00,0.000943,-0.008057
52:59.2,384.00,0.000944,-0.008056
53:00.2,385.00,0.000944,-0.008056
53:01.2,386.00,0.000944,-0.008056
53:02.2,387.00,0.000943,-0.008057
53:03.2,388.00,0.000944,-0.008056
53:04.3,389.00,0.000943,-0.008057
53:05.3,390.00,0.000944,-0.008056
53:06.3,391.00,0.000943,-0.008057
53:07.3,392.00,0.000943,-0.008057
53:08.3,393.00,0.000944,-0.008056
53:09.3,394.00,0.000944,-0.008056
53:10.3,395.00,0.000944,-0.008056
53:11.4,396.00,0.000944,-0.008056
53:12.4,397.00,0.000944,-0.008056
53:13.4,398.00,0.000944,-0.008056
53:14.4,399.00,0.000944,-0.008056
53:15.4,400.00,0.000944,-0.008056
53:16.5,401.00,0.000944,-0.008056
53:17.5,402.00,0.000944,-0.008056
53:18.5,403.00,0.000943,-0.008057
53:19.5,404.00,0.000944,-0.008056
53:20.6,405.00,0.000944,-0.008056
53:21.6,406.00,0.000943,-0.008057
53:22.6,407.00,0.000944,-0.008056
53:23.6,408.00,0.000944,-0.008056
53:24.6,409.00,0.000944,-0.008056
53:25.6,410.00,0.000944,-0.008056
53:26.7,411.00,0.000944,-0.008056
53:27.7,412.00,0.000944,-0.008056
53:28.7,413.00,0.000944,-0.008056
53:29.7,414.00,0.000943,-0.008057
53:30.7,415.00,0.000943,-0.008057
53:31.7,416.00,0.000944,-0.008056
53:32.7,417.00,0.000943,-0.008057
53:33.8,418.00,0.000944,-0.008056
53:34.8,419.00,0.000944,-0.008056
53:35.8,420.00,0.000944,-0.008056
53:36.8,421.00,0.000944,-0.008056
53:37.8,422.00,0.000944,-0.008056
53:38.8,423.00,0.000944,-0.008056
53:39.8,424.00,0.000944,-0.008056
53:40.8,425.00,0.000944,-0.008056
53:41.9,426.00,0.000943,-0.008057
53:42.9,427.00,0.000944,-0.008056
53:43.9,428.00,0.000944,-0.008056
53:44.9,429.00,0.000944,-0.008056
53:45.9,430.00,0.000943,-0.008057
53:46.9,431.00,0.000944,-0.008056
53:47.9,432.00,0.000944,-0.008056
53:49.0,433.00,0.000944,-0.008056
53:50.0,434.00,0.000944,-0.008056
53:51.0,435.00,0.000944,-0.008056
53:52.0,436.00,0.000944,-0.008056
53:53.0,437.00,0.000944,-0.008056
53:54.0,438.00,0.000944,-0.008056
53:55.0,439.00,0.000944,-0.008056
53:56.1,440.00,0.000944,-0.008056
53:57.1,441.00,0.000944,-0.008056
53:58.1,442.00,0.000944,-0.008056
53:59.1,443.00,0.000944,-0.008056
54:00.1,444.00,0.000944,-0.008056
54:01.2,445.00,0.000944,-0.008056
54:02.2,446.00,0.000944,-0.008056
54:03.2,447.00,0.000944,-0.008056
54:04.2,448.00,0.000944,-0.008056
54:05.2,449.00,0.000944,-0.008056
54:06.3,450.00,0.000944,-0.008056
54:07.3,451.00,0.000944,-0.008056
54:08.3,452.00,0.000944,-0.008056
54:09.3,453.00,0.000944,-0.008056
54:10.4,454.00,0.000944,-0.008056
54:11.4,455.00,0.000944,-0.008056
54:12.4,456.00,0.000944,-0.008056
54:13.4,457.00,0.000944,-0.008056
54:14.4,458.00,0.000944,-0.008056
54:15.5,459.00,0.000944,-0.008056
54:16.5,460.00,0.000944,-0.008056
54:17.5,461.00,0.000944,-0.008056
54:18.5,462.00,0.000943,-0.008057
54:19.5,463.00,0.000944,-0.008056
54:20.6,464.00,0.000944,-0.008056
54:21.6,465.00,0.000944,-0.008056
54:22.6,466.00,0.000944,-0.008056
54:23.6,467.00,0.000944,-0.008056
54:24.6,468.00,0.000944,-0.008056
54:25.7,469.00,0.000944,-0.008056
54:26.7,470.00,0.000944,-0.008056
54:27.7,471.00,0.000944,-0.008056
54:28.7,472.00,0.000944,-0.008056
54:29.7,473.00,0.000944,-0.008056
54:30.7,474.00,0.000944,-0.008056
54:31.7,475.00,0.000944,-0.008056
54:32.7,476.00,0.000944,-0.008056
54:33.8,477.00,0.000944,-0.008056
54:34.8,478.00,0.000944,-0.008056
54:35.8,479.00,0.000944,-0.008056
54:36.8,480.00,0.000944,-0.008056
54:37.8,481.00,0.000944,-0.008056
54:38.8,482.00,0.000944,-0.008056
54:39.9,483.00,0.000943,-0.008057
54:40.9,484.00,0.000944,-0.008056
54:41.9,485.00,0.000943,-0.008057
54:42.9,486.00,0.000944,-0.008056
54:43.9,487.00,0.000944,-0.008056
54:45.0,488.00,0.000944,-0.008056
54:46.0,489.00,0.000943,-0.008057
54:47.0,490.00,0.000944,-0.008056
54:48.0,491.00,0.000944,-0.008056
54:49.0,492.00,0.000944,-0.008056
54:50.1,493.00,0.000944,-0.008056
54:51.1,494.00,0.000944,-0.008056
54:52.1,495.00,0.000943,-0.008057
54:53.1,496.00,0.000944,-0.008056
54:54.1,497.00,0.000944,-0.008056
54:55.2,498.00,0.000944,-0.008056
54:56.2,499.00,0.000944,-0.008056
54:57.2,500.00,0.000944,-0.008056
54:58.2,501.00,0.000944,-0.008056
54:59.2,502.00,0.000944,-0.008056
55:00.3,503.00,0.000943,-0.008057
55:01.3,504.00,0.000944,-0.008056
55:02.3,505.00,0.000944,-0.008056
55:03.3,506.00,0.000944,-0.008056
55:04.3,507.00,0.000943,-0.008057
55:05.3,508.00,0.000944,-0.008056
55:06.4,509.00,0.000944,-0.008056
55:07.4,510.00,0.000943,-0.008057
55:08.4,511.00,0.000944,-0.008056
55:09.4,512.00,0.000943,-0.008057
55:10.5,513.00,0.000944,-0.008056
55:11.5,514.00,0.000944,-0.008056
55:12.5,515.00,0.000944,-0.008056
55:13.5,516.00,0.000944,-0.008056
55:14.5,517.00,0.000944,-0.008056
55:15.6,518.00,0.000944,-0.008056
55:16.6,519.00,0.000944,-0.008056
55:17.6,520.00,0.000943,-0.008057
55:18.6,521.00,0.000944,-0.008056
55:19.6,522.00,0.000943,-0.008057
55:20.6,523.00,0.000943,-0.008057
55:21.6,524.00,0.000944,-0.008056
55:22.6,525.00,0.000944,-0.008056
55:23.6,526.00,0.000943,-0.008057
55:24.7,527.00,0.000943,-0.008057
55:25.7,528.00,0.000944,-0.008056
55:26.7,529.00,0.000943,-0.008057
55:27.7,530.00,0.000943,-0.008057
55:28.7,531.00,0.000943,-0.008057
55:29.7,532.00,0.000943,-0.008057
55:30.8,533.00,0.000943,-0.008057
55:31.8,534.00,0.000943,-0.008057
55:32.8,535.00,0.000944,-0.008056
55:33.8,536.00,0.000944,-0.008056
55:34.8,537.00,0.000943,-0.008057
55:35.8,538.00,0.000944,-0.008056
55:36.8,539.00,0.000944,-0.008056
55:37.9,540.00,0.000943,-0.008057
55:38.9,541.00,0.000943,-0.008057
55:39.9,542.00,0.000943,-0.008057
55:40.9,543.00,0.000944,-0.008056
55:41.9,544.00,0.000943,-0.008057
55:42.9,545.00,0.000944,-0.008056
55:44.0,546.00,0.000943,-0.008057
55:45.0,547.00,0.000943,-0.008057
55:46.0,548.00,0.000943,-0.008057
55:47.0,549.00,0.000943,-0.008057
55:48.0,550.00,0.000944,-0.008056
55:49.1,551.00,0.000943,-0.008057
55:50.1,552.00,0.000943,-0.008057
55:51.1,553.00,0.000943,-0.008057
55:52.1,554.00,0.000943,-0.008057
55:53.1,555.00,0.000943,-0.008057
55:54.1,556.00,0.000943,-0.008057
55:55.2,557.00,0.000943,-0.008057
55:56.2,558.00,0.000943,-0.008057
55:57.2,559.00,0.000943,-0.008057
55:58.2,560.00,0.000944,-0.008056
55:59.2,561.00,0.000943,-0.008057
56:00.2,562.00,0.000944,-0.008056
56:01.2,563.00,0.000943,-0.008057
56:02.2,564.00,0.000944,-0.008056
56:03.3,565.00,0.000943,-0.008057
56:04.3,566.00,0.000944,-0.008056
56:05.3,567.00,0.000943,-0.008057
56:06.3,568.00,0.000943,-0.008057
56:07.3,569.00,0.000943,-0.008057
56:08.4,570.00,0.000943,-0.008057
56:09.4,571.00,0.000943,-0.008057
56:10.4,572.00,0.000943,-0.008057
56:11.4,573.00,0.000943,-0.008057
56:12.4,574.00,0.000943,-0.008057
56:13.4,575.00,0.000943,-0.008057
56:14.4,576.00,0.000943,-0.008057
56:15.5,577.00,0.000943,-0.008057
56:16.5,578.00,0.000943,-0.008057
56:17.5,579.00,0.000943,-0.008057
56:18.5,580.00,0.000943,-0.008057
56:19.5,581.00,0.000943,-0.008057
56:20.5,582.00,0.000943,-0.008057
56:21.6,583.00,0.000943,-0.008057
56:22.6,584.00,0.000943,-0.008057
56:23.6,585.00,0.000943,-0.008057
56:24.6,586.00,0.000943,-0.008057
56:25.6,587.00,0.000943,-0.008057
56:26.7,588.00,0.000943,-0.008057
56:27.7,589.00,0.000943,-0.008057
56:28.7,590.00,0.000943,-0.008057
56:29.7,591.00,0.000943,-0.008057
56:30.7,592.00,0.000943,-0.008057
56:31.7,593.00,0.000943,-0.008057
56:32.8,594.00,0.000943,-0.008057
56:33.8,595.00,0.000943,-0.008057
56:34.8,596.00,0.000943,-0.008057
56:35.8,597.00,0.000943,-0.008057
56:36.8,598.00,0.000943,-0.008057
56:37.8,599.00,0.000943,-0.008057
56:38.9,600.00,0.000943,-0.008057
56:39.9,601.00,0.000943,-0.008057
56:40.9,602.00,0.000943,-0.008057
56:41.9,603.00,0.000943,-0.008057
56:42.9,604.00,0.000943,-0.008057
56:44.0,605.00,0.000943,-0.008057
56:45.0,606.00,0.000943,-0.008057
56:46.0,607.00,0.000943,-0.008057
56:47.0,608.00,0.000943,-0.008057
56:48.0,609.00,0.000943,-0.008057
56:49.0,610.00,0.000943,-0.008057
56:50.1,611.00,0.000943,-0.008057
56:51.1,612.00,0.000943,-0.008057
56:52.1,613.00,0.000943,-0.008057
56:53.1,614.00,0.000943,-0.008057
56:54.1,615.00,0.000943,-0.008057
56:55.1,616.00,0.000943,-0.008057
56:56.2,617.00,0.000943,-0.008057
56:57.2,618.00,0.000943,-0.008057
56:58.2,619.00,0.000943,-0.008057
56:59.2,620.00,0.000943,-0.008057
57:00.2,621.00,0.000943,-0.008057
57:01.2,622.00,0.000943,-0.008057
57:02.2,623.00,0.000943,-0.008057
57:03.2,624.00,0.000943,-0.008057
57:04.3,625.00,0.000943,-0.008057
57:05.3,626.00,0.000943,-0.008057
57:06.3,627.00,0.000943,-0.008057
57:07.3,628.00,0.000943,-0.008057
57:08.3,629.00,0.000943,-0.008057
57:09.3,630.00,0.000943,-0.008057
57:10.3,631.00,0.000943,-0.008057
57:11.4,632.00,0.000943,-0.008057
57:12.4,633.00,0.000943,-0.008057
57:13.4,634.00,0.000943,-0.008057
57:14.4,635.00,0.000943,-0.008057
57:15.4,636.00,0.000943,-0.008057
57:16.4,637.00,0.000943,-0.008057
57:17.4,638.00,0.000943,-0.008057
57:18.4,639.00,0.000943,-0.008057
57:19.4,640.00,0.000943,-0.008057
57:20.4,641.00,0.000943,-0.008057
57:21.4,642.00,0.000943,-0.008057
57:22.5,643.00,0.000943,-0.008057
57:23.5,644.00,0.000943,-0.008057
57:24.5,645.00,0.000943,-0.008057
57:25.5,646.00,0.000943,-0.008057
57:26.5,647.00,0.000943,-0.008057
57:27.5,648.00,0.000943,-0.008057
57:28.6,649.00,0.000943,-0.008057
57:29.6,650.00,0.000943,-0.008057
57:30.6,651.00,0.000943,-0.008057
57:31.6,652.00,0.000943,-0.008057
57:32.6,653.00,0.000943,-0.008057
57:33.6,654.00,0.000943,-0.008057
57:34.7,655.00,0.000943,-0.008057
57:35.7,656.00,0.000943,-0.008057
57:36.7,657.00,0.000943,-0.008057
57:37.7,658.00,0.000943,-0.008057
57:38.7,659.00,0.000943,-0.008057
57:39.8,660.00,0.000943,-0.008057
57:40.8,661.00,0.000943,-0.008057
57:41.8,662.00,0.000943,-0.008057
57:42.8,663.00,0.000943,-0.008057
57:43.8,664.00,0.000943,-0.008057
57:44.8,665.00,0.000943,-0.008057
57:45.8,666.00,0.000943,-0.008057
57:46.9,667.00,0.000943,-0.008057
57:47.9,668.00,0.000943,-0.008057
57:48.9,669.00,0.000943,-0.008057
57:49.9,670.00,0.000943,-0.008057
57:50.9,671.00,0.000943,-0.008057
57:51.9,672.00,0.000942,-0.008058
57:52.9,673.00,0.000943,-0.008057
57:54.0,674.00,0.000943,-0.008057
57:55.0,675.00,0.000943,-0.008057
57:56.0,676.00,0.000943,-0.008057
57:57.0,677.00,0.000942,-0.008058
57:58.0,678.00,0.000943,-0.008057
57:59.0,679.00,0.000943,-0.008057
58:00.1,680.00,0.000943,-0.008057
58:01.1,681.00,0.000943,-0.008057
58:02.1,682.00,0.000943,-0.008057
58:03.1,683.00,0.000943,-0.008057
58:04.1,684.00,0.000943,-0.008057
58:05.2,685.00,0.000943,-0.008057
58:06.2,686.00,0.000943,-0.008057
58:07.2,687.00,0.000943,-0.008057
58:08.2,688.00,0.000943,-0.008057
58:09.2,689.00,0.000942,-0.008058
58:10.2,690.00,0.000943,-0.008057
58:11.2,691.00,0.000943,-0.008057
58:12.3,692.00,0.000943,-0.008057
58:13.3,693.00,0.000942,-0.008058
58:14.3,694.00,0.000942,-0.008058
58:15.3,695.00,0.000943,-0.008057
58:16.3,696.00,0.000943,-0.008057
58:17.3,697.00,0.000943,-0.008057
58:18.3,698.00,0.000943,-0.008057
58:19.4,699.00,0.000942,-0.008058
58:20.4,700.00,0.000942,-0.008058
58:21.4,701.00,0.000943,-0.008057
58:22.4,702.00,0.000942,-0.008058
58:23.4,703.00,0.000942,-0.008058
58:24.4,704.00,0.000942,-0.008058
58:25.4,705.00,0.000943,-0.008057
58:26.5,706.00,0.000943,-0.008057
58:27.5,707.00,0.000942,-0.008058
58:28.5,708.00,0.000942,-0.008058
58:29.5,709.00,0.000943,-0.008057
58:30.6,710.00,0.000942,-0.008058
58:31.6,711.00,0.000942,-0.008058
58:32.6,712.00,0.000942,-0.008058
58:33.6,713.00,0.000942,-0.008058
58:34.6,714.00,0.000942,-0.008058
58:35.6,715.00,0.000942,-0.008058
58:36.6,716.00,0.000942,-0.008058
58:37.7,717.00,0.000942,-0.008058
58:38.7,718.00,0.000942,-0.008058
58:39.7,719.00,0.000942,-0.008058
58:40.7,720.00,0.000942,-0.008058
58:41.7,721.00,0.000942,-0.008058
58:42.7,722.00,0.000942,-0.008058
58:43.7,723.00,0.000942,-0.008058
58:44.8,724.00,0.000943,-0.008057
58:45.8,725.00,0.000942,-0.008058
58:46.8,726.00,0.000942,-0.008058
58:47.9,727.00,0.000942,-0.008058
58:48.9,728.00,0.000942,-0.008058
58:49.9,729.00,0.000942,-0.008058
58:50.9,730.00,0.000942,-0.008058
58:51.9,731.00,0.000942,-0.008058
58:52.9,732.00,0.000943,-0.008057
58:54.0,733.00,0.000942,-0.008058
58:55.0,734.00,0.000942,-0.008058
58:56.0,735.00,0.000942,-0.008058
58:57.0,736.00,0.000942,-0.008058
58:58.0,737.00,0.000942,-0.008058
58:59.0,738.00,0.000942,-0.008058
59:00.0,739.00,0.000943,-0.008057
59:01.1,740.00,0.000942,-0.008058
59:02.1,741.00,0.000942,-0.008058
59:03.1,742.00,0.000942,-0.008058
59:04.1,743.00,0.000949,-0.008051
59:05.1,744.00,0.000949,-0.008051
59:06.1,745.00,0.000949,-0.008051
59:07.2,746.00,0.000948,-0.008052
59:08.2,747.00,0.000949,-0.008051
59:09.2,748.00,0.000949,-0.008051
59:10.2,749.00,0.000949,-0.008051
59:11.2,750.00,0.000949,-0.008051
59:12.2,751.00,0.000949,-0.008051
59:13.3,752.00,0.000948,-0.008052
59:14.3,753.00,0.000949,-0.008051
59:15.3,754.00,0.000949,-0.008051
59:16.3,755.00,0.000949,-0.008051
59:17.3,756.00,0.000948,-0.008052
59:18.3,757.00,0.000949,-0.008051
59:19.3,758.00,0.000949,-0.008051
59:20.3,759.00,0.000948,-0.008052
59:21.3,760.00,0.000949,-0.008051
59:22.4,761.00,0.000949,-0.008051
59:23.4,762.00,0.000949,-0.008051
59:24.4,763.00,0.000949,-0.008051
59:25.4,764.00,0.000949,-0.008051
59:26.4,765.00,0.000948,-0.008052
59:27.4,766.00,0.000949,-0.008051
59:28.4,767.00,0.000949,-0.008051
59:29.5,768.00,0.000949,-0.008051
59:30.5,769.00,0.000949,-0.008051
59:31.5,770.00,0.000949,-0.008051
59:32.5,771.00,0.000949,-0.008051
59:33.5,772.00,0.000949,-0.008051
59:34.6,773.00,0.000949,-0.008051
59:35.6,774.00,0.000949,-0.008051
59:36.6,775.00,0.000949,-0.008051
59:37.6,776.00,0.000949,-0.008051
59:38.6,777.00,0.000949,-0.008051
59:39.6,778.00,0.000949,-0.008051
59:40.6,779.00,0.000949,-0.008051
59:41.7,780.00,0.000949,-0.008051
59:42.7,781.00,0.000949,-0.008051
59:43.7,782.00,0.000949,-0.008051
59:44.7,783.00,0.000949,-0.008051
59:45.7,784.00,0.000949,-0.008051
59:46.7,785.00,0.000949,-0.008051
59:47.7,786.00,0.000949,-0.008051
59:48.7,787.00,0.000949,-0.008051
59:49.8,788.00,0.000949,-0.008051
59:50.8,789.00,0.000949,-0.008051
59:51.8,790.00,0.000949,-0.008051
59:52.8,791.00,0.000949,-0.008051
59:53.8,792.00,0.000949,-0.008051
59:54.9,793.00,0.000949,-0.008051
59:55.9,794.00,0.000949,-0.008051
59:56.9,795.00,0.000949,-0.008051
59:57.9,796.00,0.000949,-0.008051
59:58.9,797.00,0.000949,-0.008051
59:59.9,798.00,0.000949,-0.008051
00:00.9,799.00,0.000949,-0.008051
00:01.9,800.00,0.000949,-0.008051
00:03.0,801.00,0.000949,-0.008051
00:04.0,802.00,0.000949,-0.008051
00:05.0,803.00,0.000949,-0.008051
00:06.0,804.00,0.000949,-0.008051
00:07.0,805.00,0.000949,-0.008051
00:08.1,806.00,0.000949,-0.008051
00:09.1,807.00,0.000949,-0.008051
00:10.1,808.00,0.000949,-0.008051
00:11.1,809.00,0.000949,-0.008051
00:12.1,810.00,0.000949,-0.008051
00:13.1,811.00,0.000949,-0.008051
00:14.2,812.00,0.000949,-0.008051
00:15.2,813.00,0.000949,-0.008051
00:16.2,814.00,0.000949,-0.008051
00:17.2,815.00,0.000949,-0.008051
00:18.3,816.00,0.000949,-0.008051
00:19.3,817.00,0.000949,-0.008051
00:20.3,818.00,0.000949,-0.008051
00:21.3,819.00,0.000949,-0.008051
00:22.4,820.00,0.000949,-0.008051
00:23.4,821.00,0.000949,-0.008051
00:24.4,822.00,0.000949,-0.008051
00:25.4,823.00,0.000949,-0.008051
00:26.4,824.00,0.000949,-0.008051
00:27.4,825.00,0.000949,-0.008051
00:28.5,826.00,0.000949,-0.008051
00:29.5,827.00,0.000949,-0.008051
00:30.5,828.00,0.000949,-0.008051
00:31.5,829.00,0.000949,-0.008051
00:32.5,830.00,0.000949,-0.008051
00:33.5,831.00,0.000949,-0.008051
00:34.6,832.00,0.000949,-0.008051
00:35.6,833.00,0.000949,-0.008051
00:36.6,834.00,0.000949,-0.008051
00:37.6,835.00,0.000949,-0.008051
00:38.7,836.00,0.000949,-0.008051
00:39.7,837.00,0.000949,-0.008051
00:40.7,838.00,0.000949,-0.008051
00:41.7,839.00,0.000949,-0.008051
00:42.8,840.00,0.000949,-0.008051
00:43.8,841.00,0.000949,-0.008051
00:44.8,842.00,0.000949,-0.008051
00:45.8,843.00,0.000948,-0.008052
00:46.8,844.00,0.000949,-0.008051
00:47.8,845.00,0.000949,-0.008051
00:48.8,846.00,0.000949,-0.008051
00:49.9,847.00,0.000949,-0.008051
00:50.9,848.00,0.000949,-0.008051
00:51.9,849.00,0.000949,-0.008051
00:52.9,850.00,0.000949,-0.008051
00:53.9,851.00,0.000949,-0.008051
00:54.9,852.00,0.000949,-0.008051
00:55.9,853.00,0.000949,-0.008051
00:56.9,854.00,0.000949,-0.008051
00:57.9,855.00,0.000949,-0.008051
00:59.0,856.00,0.000948,-0.008052
01:00.0,857.00,0.000949,-0.008051
01:01.0,858.00,0.000949,-0.008051
01:02.0,859.00,0.000949,-0.008051
01:03.0,860.00,0.000949,-0.008051
01:04.0,861.00,0.000949,-0.008051
01:05.1,862.00,0.000949,-0.008051
01:06.1,863.00,0.000948,-0.008052
01:07.1,864.00,0.000949,-0.008051
01:08.1,865.00,0.000949,-0.008051
01:09.1,866.00,0.000949,-0.008051
01:10.2,867.00,0.000949,-0.008051
01:11.2,868.00,0.000949,-0.008051
01:12.2,869.00,0.000948,-0.008052
01:13.2,870.00,0.000949,-0.008051
01:14.2,871.00,0.000948,-0.008052
01:15.2,872.00,0.000949,-0.008051
01:16.3,873.00,0.000949,-0.008051
01:17.3,874.00,0.000949,-0.008051
01:18.3,875.00,0.000948,-0.008052
01:19.3,876.00,0.000949,-0.008051
01:20.3,877.00,0.000949,-0.008051
01:21.4,878.00,0.000949,-0.008051
01:22.4,879.00,0.000949,-0.008051
01:23.4,880.00,0.000949,-0.008051
01:24.4,881.00,0.000949,-0.008051
01:25.4,882.00,0.000949,-0.008051
01:26.5,883.00,0.000949,-0.008051
01:27.5,884.00,0.000949,-0.008051
01:28.5,885.00,0.000949,-0.008051
01:29.5,886.00,0.000948,-0.008052
01:30.5,887.00,0.000949,-0.008051
01:31.5,888.00,0.000948,-0.008052
01:32.5,889.00,0.000949,-0.008051
01:33.6,890.00,0.000948,-0.008052
01:34.6,891.00,0.000949,-0.008051
01:35.6,892.00,0.000948,-0.008052
01:36.6,893.00,0.000949,-0.008051
01:37.6,894.00,0.000948,-0.008052
01:38.6,895.00,0.000949,-0.008051
01:39.6,896.00,0.000948,-0.008052
01:40.7,897.00,0.000948,-0.008052
01:41.7,898.00,0.000949,-0.008051
01:42.7,899.00,0.000949,-0.008051
01:43.7,900.00,0.000948,-0.008052
01:44.7,901.00,0.000949,-0.008051
01:45.7,902.00,0.000948,-0.008052
01:46.7,903.00,0.000948,-0.008052
01:47.7,904.00,0.000948,-0.008052
01:48.8,905.00,0.000948,-0.008052
01:49.8,906.00,0.000949,-0.008051
01:50.8,907.00,0.000948,-0.008052
01:51.8,908.00,0.000948,-0.008052
01:52.8,909.00,0.000949,-0.008051
01:53.8,910.00,0.000949,-0.008051
01:54.8,911.00,0.000948,-0.008052
01:55.9,912.00,0.000949,-0.008051
01:56.9,913.00,0.000949,-0.008051
01:57.9,914.00,0.000949,-0.008051
01:58.9,915.00,0.000949,-0.008051
01:59.9,916.00,0.000948,-0.008052
02:00.9,917.00,0.000949,-0.008051
02:01.9,918.00,0.000949,-0.008051
02:03.0,919.00,0.000949,-0.008051
02:04.0,920.00,0.000948,-0.008052
02:05.0,921.00,0.000949,-0.008051
02:06.0,922.00,0.000949,-0.008051
02:07.0,923.00,0.000948,-0.008052
02:08.0,924.00,0.000948,-0.008052
02:09.0,925.00,0.000948,-0.008052
02:10.1,926.00,0.000949,-0.008051
02:11.1,927.00,0.000948,-0.008052
02:12.1,928.00,0.000948,-0.008052
02:13.1,929.00,0.000949,-0.008051
02:14.1,930.00,0.000948,-0.008052
02:15.1,931.00,0.000948,-0.008052
02:16.1,932.00,0.000948,-0.008052
02:17.1,933.00,0.000948,-0.008052
02:18.1,934.00,0.000948,-0.008052
02:19.2,935.00,0.000949,-0.008051
02:20.2,936.00,0.000948,-0.008052
02:21.2,937.00,0.000948,-0.008052
02:22.2,938.00,0.000949,-0.008051
02:23.2,939.00,0.000948,-0.008052
02:24.2,940.00,0.000948,-0.008052
02:25.2,941.00,0.000948,-0.008052
02:26.2,942.00,0.000949,-0.008051
02:27.3,943.00,0.000948,-0.008052
02:28.3,944.00,0.000948,-0.008052
02:29.3,945.00,0.000948,-0.008052
02:30.3,946.00,0.000949,-0.008051
02:31.3,947.00,0.000948,-0.008052
02:32.3,948.00,0.000949,-0.008051
02:33.3,949.00,0.000949,-0.008051
02:34.3,950.00,0.000948,-0.008052
02:35.4,951.00,0.000948,-0.008052
02:36.4,952.00,0.000948,-0.008052
02:37.4,953.00,0.000948,-0.008052
02:38.4,954.00,0.000948,-0.008052
02:39.4,955.00,0.000948,-0.008052
02:40.4,956.00,0.000948,-0.008052
02:41.4,957.00,0.000948,-0.008052
02:42.5,958.00,0.000949,-0.008051
02:43.5,959.00,0.000948,-0.008052
02:44.5,960.00,0.000948,-0.008052
02:45.5,961.00,0.000948,-0.008052
02:46.6,962.00,0.000948,-0.008052
02:47.6,963.00,0.000948,-0.008052
02:48.6,964.00,0.000949,-0.008051
02:49.6,965.00,0.000948,-0.008052
02:50.6,966.00,0.000949,-0.008051
02:51.6,967.00,0.000948,-0.008052
02:52.7,968.00,0.000948,-0.008052
02:53.7,969.00,0.000949,-0.008051
02:54.7,970.00,0.000948,-0.008052
02:55.7,971.00,0.000948,-0.008052
02:56.7,972.00,0.000948,-0.008052
02:57.7,973.00,0.000949,-0.008051
02:58.7,974.00,0.000948,-0.008052
02:59.8,975.00,0.000948,-0.008052
03:00.8,976.00,0.000948,-0.008052
03:01.8,977.00,0.000948,-0.008052
03:02.8,978.00,0.000948,-0.008052
03:03.8,979.00,0.000948,-0.008052
03:04.8,980.00,0.000948,-0.008052
03:05.8,981.00,0.000948,-0.008052
03:06.8,982.00,0.000948,-0.008052
03:07.9,983.00,0.000948,-0.008052
03:08.9,984.00,0.000948,-0.008052
03:09.9,985.00,0.000948,-0.008052
03:10.9,986.00,0.000949,-0.008051
03:11.9,987.00,0.000949,-0.008051
03:12.9,988.00,0.000948,-0.008052
03:13.9,989.00,0.000948,-0.008052
03:15.0,990.00,0.000948,-0.008052
03:16.0,991.00,0.000949,-0.008051
03:17.0,992.00,0.000948,-0.008052
03:18.0,993.00,0.000949,-0.008051
03:19.0,994.00,0.000948,-0.008052
03:20.0,995.00,0.000948,-0.008052
03:21.0,996.00,0.000948,-0.008052
03:22.0,997.00,0.000948,-0.008052
03:23.1,998.00,0.000948,-0.008052
03:24.1,999.00,0.000948,-0.008052
03:25.1,1000.00,0.000948,-0.008052
03:26.1,1001.00,0.000948,-0.008052
03:27.1,1002.00,0.000948,-0.008052
03:28.1,1003.00,0.000949,-0.008051
03:29.1,1004.00,0.000948,-0.008052
03:30.1,1005.00,0.000948,-0.008052
03:31.2,1006.00,0.000948,-0.008052
03:32.2,1007.00,0.000948,-0.008052
03:33.2,1008.00,0.000948,-0.008052
03:34.2,1009.00,0.000948,-0.008052
03:35.2,1010.00,0.000949,-0.008051
03:36.2,1011.00,0.000948,-0.008052
03:37.3,1012.00,0.000948,-0.008052
03:38.3,1013.00,0.000948,-0.008052
03:39.3,1014.00,0.000949,-0.008051
03:40.3,1015.00,0.000948,-0.008052
03:41.3,1016.00,0.000948,-0.008052
03:42.3,1017.00,0.000948,-0.008052
03:43.3,1018.00,0.000948,-0.008052
03:44.3,1019.00,0.000948,-0.008052
03:45.4,1020.00,0.000948,-0.008052
03:46.4,1021.00,0.000948,-0.008052
03:47.4,1022.00,0.000948,-0.008052
03:48.4,1023.00,0.000948,-0.008052
03:49.4,1024.00,0.000948,-0.008052
03:50.4,1025.00,0.000948,-0.008052
03:51.4,1026.00,0.000948,-0.008052
03:52.5,1027.00,0.000948,-0.008052
03:53.5,1028.00,0.000948,-0.008052
03:54.5,1029.00,0.000948,-0.008052
03:55.5,1030.00,0.000948,-0.008052
03:56.5,1031.00,0.000948,-0.008052
03:57.5,1032.00,0.000948,-0.008052
03:58.5,1033.00,0.000948,-0.008052
03:59.5,1034.00,0.000948,-0.008052
04:00.5,1035.00,0.000948,-0.008052
04:01.5,1036.00,0.000948,-0.008052
04:02.6,1037.00,0.000948,-0.008052
04:03.6,1038.00,0.000948,-0.008052
04:04.6,1039.00,0.000948,-0.008052
04:05.6,1040.00,0.000948,-0.008052
04:06.6,1041.00,0.000948,-0.008052
04:07.6,1042.00,0.000948,-0.008052
04:08.7,1043.00,0.000948,-0.008052
04:09.7,1044.00,0.000948,-0.008052
04:10.7,1045.00,0.000948,-0.008052
04:11.7,1046.00,0.000948,-0.008052
04:12.7,1047.00,0.000948,-0.008052
04:13.7,1048.00,0.000948,-0.008052
04:14.7,1049.00,0.000948,-0.008052
04:15.8,1050.00,0.000948,-0.008052
04:16.8,1051.00,0.000948,-0.008052
04:17.8,1052.00,0.000948,-0.008052
04:18.8,1053.00,0.000948,-0.008052
04:19.8,1054.00,0.000948,-0.008052
04:20.8,1055.00,0.000948,-0.008052
04:21.8,1056.00,0.000948,-0.008052
04:22.8,1057.00,0.000948,-0.008052
04:23.8,1058.00,0.000948,-0.008052
04:24.9,1059.00,0.000948,-0.008052
04:25.9,1060.00,0.000948,-0.008052
04:26.9,1061.00,0.000948,-0.008052
04:27.9,1062.00,0.000948,-0.008052
04:28.9,1063.00,0.000948,-0.008052
04:29.9,1064.00,0.000948,-0.008052
04:30.9,1065.00,0.000948,-0.008052
04:31.9,1066.00,0.000948,-0.008052
04:33.0,1067.00,0.000948,-0.008052
04:34.0,1068.00,0.000948,-0.008052
04:35.0,1069.00,0.000948,-0.008052
04:36.0,1070.00,0.000948,-0.008052
04:37.0,1071.00,0.000948,-0.008052
04:38.0,1072.00,0.000949,-0.008051
04:39.0,1073.00,0.000948,-0.008052
04:40.1,1074.00,0.000948,-0.008052
04:41.1,1075.00,0.000948,-0.008052
04:42.1,1076.00,0.000948,-0.008052
04:43.1,1077.00,0.000948,-0.008052
04:44.1,1078.00,0.000948,-0.008052
04:45.1,1079.00,0.000948,-0.008052
04:46.1,1080.00,0.000948,-0.008052
04:47.1,1081.00,0.000948,-0.008052
04:48.2,1082.00,0.000948,-0.008052
04:49.2,1083.00,0.000948,-0.008052
04:50.2,1084.00,0.000948,-0.008052
04:51.2,1085.00,0.000948,-0.008052
04:52.2,1086.00,0.000948,-0.008052
04:53.2,1087.00,0.000948,-0.008052
04:54.3,1088.00,0.000948,-0.008052
04:55.3,1089.00,0.000948,-0.008052
04:56.3,1090.00,0.000948,-0.008052
04:57.3,1091.00,0.000948,-0.008052
04:58.3,1092.00,0.000948,-0.008052
04:59.3,1093.00,0.000948,-0.008052
05:00.3,1094.00,0.000948,-0.008052
05:01.3,1095.00,0.000948,-0.008052
05:02.3,1096.00,0.000948,-0.008052
05:03.4,1097.00,0.000948,-0.008052
05:04.4,1098.00,0.000948,-0.008052
05:05.4,1099.00,0.000948,-0.008052
05:06.4,1100.00,0.000948,-0.008052
05:07.4,1101.00,0.000948,-0.008052
05:08.4,1102.00,0.000948,-0.008052
05:09.4,1103.00,0.000948,-0.008052
05:10.4,1104.00,0.000948,-0.008052
05:11.5,1105.00,0.000948,-0.008052
05:12.5,1106.00,0.000948,-0.008052
05:13.5,1107.00,0.000948,-0.008052
05:14.5,1108.00,0.000948,-0.008052
05:15.5,1109.00,0.000948,-0.008052
05:16.5,1110.00,0.000948,-0.008052
05:17.5,1111.00,0.000948,-0.008052
05:18.5,1112.00,0.000948,-0.008052
05:19.5,1113.00,0.000948,-0.008052
05:20.6,1114.00,0.000948,-0.008052
05:21.6,1115.00,0.000948,-0.008052
05:22.6,1116.00,0.000948,-0.008052
05:23.6,1117.00,0.000948,-0.008052
05:24.6,1118.00,0.000948,-0.008052
05:25.6,1119.00,0.000948,-0.008052
05:26.7,1120.00,0.000948,-0.008052
05:27.7,1121.00,0.000948,-0.008052
05:28.7,1122.00,0.000948,-0.008052
05:29.7,1123.00,0.000948,-0.008052
05:30.7,1124.00,0.000948,-0.008052
05:31.7,1125.00,0.000948,-0.008052
05:32.7,1126.00,0.000948,-0.008052
05:33.7,1127.00,0.000948,-0.008052
05:34.7,1128.00,0.000948,-0.008052
05:35.8,1129.00,0.000948,-0.008052
05:36.8,1130.00,0.000948,-0.008052
05:37.8,1131.00,0.000948,-0.008052
05:38.8,1132.00,0.000948,-0.008052
05:39.8,1133.00,0.000948,-0.008052
05:40.8,1134.00,0.000948,-0.008052
05:41.8,1135.00,0.000948,-0.008052
05:42.8,1136.00,0.000948,-0.008052
05:43.9,1137.00,0.000948,-0.008052
05:44.9,1138.00,0.000948,-0.008052
05:45.9,1139.00,0.000948,-0.008052
05:46.9,1140.00,0.000948,-0.008052
05:47.9,1141.00,0.000948,-0.008052
05:48.9,1142.00,0.000948,-0.008052
05:49.9,1143.00,0.000948,-0.008052
05:50.9,1144.00,0.000948,-0.008052
05:51.9,1145.00,0.000948,-0.008052
05:52.9,1146.00,0.000948,-0.008052
05:53.9,1147.00,0.000948,-0.008052
05:55.0,1148.00,0.000948,-0.008052
05:56.0,1149.00,0.000948,-0.008052
05:57.0,1150.00,0.000948,-0.008052
05:58.0,1151.00,0.000948,-0.008052
05:59.1,1152.00,0.000948,-0.008052
06:00.1,1153.00,0.000948,-0.008052
06:01.1,1154.00,0.000948,-0.008052
06:02.1,1155.00,0.000948,-0.008052
06:03.1,1156.00,0.000948,-0.008052
06:04.1,1157.00,0.000948,-0.008052
06:05.1,1158.00,0.000948,-0.008052
06:06.1,1159.00,0.000948,-0.008052
06:07.1,1160.00,0.000948,-0.008052
06:08.2,1161.00,0.000948,-0.008052
06:09.2,1162.00,0.000948,-0.008052
06:10.2,1163.00,0.000948,-0.008052
06:11.2,1164.00,0.000948,-0.008052
06:12.2,1165.00,0.000948,-0.008052
06:13.2,1166.00,0.000948,-0.008052
06:14.3,1167.00,0.000948,-0.008052
06:15.3,1168.00,0.000948,-0.008052
06:16.3,1169.00,0.000948,-0.008052
06:17.3,1170.00,0.000948,-0.008052
06:18.3,1171.00,0.000948,-0.008052
06:19.3,1172.00,0.000948,-0.008052
06:20.3,1173.00,0.000948,-0.008052
06:21.4,1174.00,0.000948,-0.008052
06:22.4,1175.00,0.000948,-0.008052
06:23.4,1176.00,0.000948,-0.008052
06:24.4,1177.00,0.000948,-0.008052
06:25.4,1178.00,0.000948,-0.008052
06:26.4,1179.00,0.000948,-0.008052
06:27.4,1180.00,0.000947,-0.008053
06:28.5,1181.00,0.000948,-0.008052
06:29.5,1182.00,0.000948,-0.008052
06:34.1,1183.00,0.000948,-0.008052
06:35.1,1184.00,0.000948,-0.008052
06:36.1,1185.00,0.000948,-0.008052
06:37.1,1186.00,0.000948,-0.008052
06:38.1,1187.00,0.000947,-0.008053
06:39.1,1188.00,0.000947,-0.008053
06:40.1,1189.00,0.000947,-0.008053
06:41.2,1190.00,0.000947,-0.008053
06:42.2,1191.00,0.000947,-0.008053
06:43.2,1192.00,0.000947,-0.008053
06:44.2,1193.00,0.000947,-0.008053
06:45.3,1194.00,0.000947,-0.008053
06:46.3,1195.00,0.000947,-0.008053
06:47.3,1196.00,0.000947,-0.008053
06:48.3,1197.00,0.000946,-0.008054
06:49.3,1198.00,0.000947,-0.008053
06:50.3,1199.00,0.000947,-0.008053
06:51.3,1200.00,0.000947,-0.008053
06:52.4,1201.00,0.000947,-0.008053
06:53.4,1202.00,0.000947,-0.008053
06:54.4,1203.00,0.000947,-0.008053
06:55.4,1204.00,0.000947,-0.008053
06:56.4,1205.00,0.000947,-0.008053
06:57.5,1206.00,0.000946,-0.008054
06:58.5,1207.00,0.000947,-0.008053
06:59.5,1208.00,0.000947,-0.008053
07:00.5,1209.00,0.000947,-0.008053
07:01.5,1210.00,0.000947,-0.008053
07:02.6,1211.00,0.000947,-0.008053
07:03.6,1212.00,0.000947,-0.008053
07:04.6,1213.00,0.000947,-0.008053
07:05.6,1214.00,0.000947,-0.008053
07:06.6,1215.00,0.000947,-0.008053
07:07.6,1216.00,0.000947,-0.008053
07:08.6,1217.00,0.000947,-0.008053
07:09.7,1218.00,0.000947,-0.008053
07:10.7,1219.00,0.000947,-0.008053
07:11.7,1220.00,0.000947,-0.008053
07:12.7,1221.00,0.000947,-0.008053
07:13.7,1222.00,0.000947,-0.008053
07:14.7,1223.00,0.000947,-0.008053
07:15.7,1224.00,0.000947,-0.008053
07:16.8,1225.00,0.000947,-0.008053
07:17.8,1226.00,0.000947,-0.008053
07:18.8,1227.00,0.000947,-0.008053
07:19.8,1228.00,0.000946,-0.008054
07:20.8,1229.00,0.000947,-0.008053
07:21.8,1230.00,0.000947,-0.008053
07:22.9,1231.00,0.000947,-0.008053
07:23.9,1232.00,0.000947,-0.008053
07:24.9,1233.00,0.000946,-0.008054
07:25.9,1234.00,0.000946,-0.008054
07:26.9,1235.00,0.000946,-0.008054
07:27.9,1236.00,0.000946,-0.008054
07:29.0,1237.00,0.000947,-0.008053
07:30.0,1238.00,0.000947,-0.008053
07:31.0,1239.00,0.000946,-0.008054
07:32.0,1240.00,0.000946,-0.008054
07:33.0,1241.00,0.000946,-0.008054
07:34.0,1242.00,0.000946,-0.008054
07:35.0,1243.00,0.000946,-0.008054
07:36.0,1244.00,0.000946,-0.008054
07:37.1,1245.00,0.000946,-0.008054
07:38.1,1246.00,0.000946,-0.008054
07:39.1,1247.00,0.000946,-0.008054
07:40.1,1248.00,0.000946,-0.008054
07:41.1,1249.00,0.000946,-0.008054
07:42.1,1250.00,0.000946,-0.008054
07:43.1,1251.00,0.000946,-0.008054
07:44.2,1252.00,0.000946,-0.008054
07:45.2,1253.00,0.000946,-0.008054
07:46.2,1254.00,0.000946,-0.008054
07:47.2,1255.00,0.000946,-0.008054
07:48.2,1256.00,0.000945,-0.008055
07:49.2,1257.00,0.000945,-0.008055
07:50.3,1258.00,0.000945,-0.008055
07:51.3,1259.00,0.000945,-0.008055
07:52.3,1260.00,0.000945,-0.008055
07:53.3,1261.00,0.000945,-0.008055
07:54.3,1262.00,0.000945,-0.008055
07:55.4,1263.00,0.000945,-0.008055
07:56.4,1264.00,0.000945,-0.008055
07:57.4,1265.00,0.000945,-0.008055
07:58.4,1266.00,0.000945,-0.008055
07:59.4,1267.00,0.000944,-0.008056
08:00.4,1268.00,0.000944,-0.008056
08:01.5,1269.00,0.000945,-0.008055
08:02.5,1270.00,0.000944,-0.008056
08:03.5,1271.00,0.000944,-0.008056
08:04.5,1272.00,0.000944,-0.008056
08:05.5,1273.00,0.000944,-0.008056
08:06.5,1274.00,0.000943,-0.008057
08:07.6,1275.00,0.000943,-0.008057
08:08.6,1276.00,0.000943,-0.008057
08:09.6,1277.00,0.000943,-0.008057
08:10.6,1278.00,0.000943,-0.008057
08:11.6,1279.00,0.000943,-0.008057
08:12.7,1280.00,0.000943,-0.008057
08:13.7,1281.00,0.000942,-0.008058
08:14.7,1282.00,0.000942,-0.008058
08:15.7,1283.00,0.000942,-0.008058
08:16.7,1284.00,0.000942,-0.008058
08:17.8,1285.00,0.000942,-0.008058
08:18.8,1286.00,0.000941,-0.008059
08:19.8,1287.00,0.00094,-0.00806
08:20.8,1288.00,0.000939,-0.008061
08:21.8,1289.00,0.000939,-0.008061
08:22.9,1290.00,0.000938,-0.008062
08:23.9,1291.00,0.000938,-0.008062
08:24.9,1292.00,0.000938,-0.008062
08:25.9,1293.00,0.000938,-0.008062
08:26.9,1294.00,0.000938,-0.008062
08:28.0,1295.00,0.000937,-0.008063
08:29.0,1296.00,0.000937,-0.008063
08:30.0,1297.00,0.000937,-0.008063
08:31.0,1298.00,0.000937,-0.008063
08:32.0,1299.00,0.000937,-0.008063
08:33.1,1300.00,0.000937,-0.008063
08:34.1,1301.00,0.000937,-0.008063
08:35.1,1302.00,0.000937,-0.008063
08:36.1,1303.00,0.000937,-0.008063
08:37.1,1304.00,0.000937,-0.008063
08:38.1,1305.00,0.000937,-0.008063
08:39.2,1306.00,0.000937,-0.008063
08:40.2,1307.00,0.000937,-0.008063
08:41.2,1308.00,0.000937,-0.008063
08:42.2,1309.00,0.000937,-0.008063
08:43.3,1310.00,0.000937,-0.008063
08:44.3,1311.00,0.000937,-0.008063
08:45.3,1312.00,0.000937,-0.008063
08:46.3,1313.00,0.000937,-0.008063
08:47.4,1314.00,0.000937,-0.008063
08:48.4,1315.00,0.000936,-0.008064
08:49.4,1316.00,0.000936,-0.008064
08:50.4,1317.00,0.000937,-0.008063
08:51.4,1318.00,0.000936,-0.008064
08:52.4,1319.00,0.000936,-0.008064
08:53.4,1320.00,0.000936,-0.008064
08:54.5,1321.00,0.000936,-0.008064
08:55.5,1322.00,0.000936,-0.008064
08:56.5,1323.00,0.000936,-0.008064
08:57.5,1324.00,0.000936,-0.008064
08:58.5,1325.00,0.000936,-0.008064
08:59.5,1326.00,0.000936,-0.008064
09:00.5,1327.00,0.000936,-0.008064
09:01.5,1328.00,0.000936,-0.008064
09:02.6,1329.00,0.000936,-0.008064
09:03.6,1330.00,0.000936,-0.008064
09:04.6,1331.00,0.000936,-0.008064
09:05.6,1332.00,0.000936,-0.008064
09:06.7,1333.00,0.000936,-0.008064
09:07.7,1334.00,0.000936,-0.008064
09:08.7,1335.00,0.000936,-0.008064
09:09.7,1336.00,0.000936,-0.008064
09:10.7,1337.00,0.000936,-0.008064
09:11.8,1338.00,0.000936,-0.008064
09:12.8,1339.00,0.000936,-0.008064
09:13.8,1340.00,0.000936,-0.008064
09:14.8,1341.00,0.000936,-0.008064
09:15.8,1342.00,0.000936,-0.008064
09:16.9,1343.00,0.000936,-0.008064
09:17.9,1344.00,0.000936,-0.008064
09:18.9,1345.00,0.000935,-0.008065
09:19.9,1346.00,0.000935,-0.008065
09:20.9,1347.00,0.000936,-0.008064
09:21.9,1348.00,0.000936,-0.008064
09:22.9,1349.00,0.000936,-0.008064
09:24.0,1350.00,0.000936,-0.008064
09:25.0,1351.00,0.000935,-0.008065
09:26.0,1352.00,0.000936,-0.008064
09:27.0,1353.00,0.000935,-0.008065
09:28.0,1354.00,0.000935,-0.008065
09:29.1,1355.00,0.000936,-0.008064
09:30.1,1356.00,0.000935,-0.008065
09:31.1,1357.00,0.000935,-0.008065
09:32.1,1358.00,0.000935,-0.008065
09:33.1,1359.00,0.000935,-0.008065
09:34.1,1360.00,0.000935,-0.008065
09:35.2,1361.00,0.000936,-0.008064
09:36.2,1362.00,0.000935,-0.008065
09:37.2,1363.00,0.000935,-0.008065
09:38.2,1364.00,0.000935,-0.008065
09:39.2,1365.00,0.000935,-0.008065
09:40.2,1366.00,0.000935,-0.008065
09:41.3,1367.00,0.000935,-0.008065
09:42.3,1368.00,0.000935,-0.008065
09:43.3,1369.00,0.000935,-0.008065
09:44.3,1370.00,0.000935,-0.008065
09:45.3,1371.00,0.000935,-0.008065
09:46.3,1372.00,0.000935,-0.008065
09:47.4,1373.00,0.000935,-0.008065
09:48.4,1374.00,0.000935,-0.008065
09:49.4,1375.00,0.000935,-0.008065
09:50.4,1376.00,0.000935,-0.008065
09:51.4,1377.00,0.000935,-0.008065
09:52.4,1378.00,0.000935,-0.008065
09:53.5,1379.00,0.000935,-0.008065
09:54.5,1380.00,0.000935,-0.008065
09:55.5,1381.00,0.000935,-0.008065
09:56.5,1382.00,0.000935,-0.008065
09:57.5,1383.00,0.000935,-0.008065
09:58.5,1384.00,0.000935,-0.008065
09:59.5,1385.00,0.000935,-0.008065
10:00.6,1386.00,0.000934,-0.008066
10:01.6,1387.00,0.000935,-0.008065
10:02.6,1388.00,0.000935,-0.008065
10:03.6,1389.00,0.000934,-0.008066
10:04.6,1390.00,0.000934,-0.008066
10:05.6,1391.00,0.000935,-0.008065
10:06.6,1392.00,0.000935,-0.008065
10:07.7,1393.00,0.000935,-0.008065
10:08.7,1394.00,0.000935,-0.008065
10:09.7,1395.00,0.000934,-0.008066
10:10.7,1396.00,0.000934,-0.008066
10:11.7,1397.00,0.000935,-0.008065
10:12.7,1398.00,0.000934,-0.008066
10:13.8,1399.00,0.000935,-0.008065
10:14.8,1400.00,0.000935,-0.008065
10:15.8,1401.00,0.000934,-0.008066
10:16.8,1402.00,0.000935,-0.008065
10:17.8,1403.00,0.000935,-0.008065
10:18.8,1404.00,0.000935,-0.008065
10:19.9,1405.00,0.000934,-0.008066
10:20.9,1406.00,0.000934,-0.008066
10:21.9,1407.00,0.000934,-0.008066
10:22.9,1408.00,0.000934,-0.008066
10:23.9,1409.00,0.000934,-0.008066
10:24.9,1410.00,0.000934,-0.008066
10:26.0,1411.00,0.000934,-0.008066
10:27.0,1412.00,0.000934,-0.008066
10:28.0,1413.00,0.000934,-0.008066
10:29.0,1414.00,0.000934,-0.008066
10:30.0,1415.00,0.000934,-0.008066
10:31.1,1416.00,0.000934,-0.008066
10:32.1,1417.00,0.000934,-0.008066
10:33.1,1418.00,0.000934,-0.008066
10:34.1,1419.00,0.000934,-0.008066
10:35.1,1420.00,0.000934,-0.008066
10:36.2,1421.00,0.000934,-0.008066
10:37.2,1422.00,0.000934,-0.008066
10:38.2,1423.00,0.000934,-0.008066
10:39.2,1424.00,0.000934,-0.008066
10:40.2,1425.00,0.000934,-0.008066
10:41.3,1426.00,0.000934,-0.008066
10:42.3,1427.00,0.000934,-0.008066
10:43.3,1428.00,0.000934,-0.008066
10:44.3,1429.00,0.000934,-0.008066
10:45.3,1430.00,0.000934,-0.008066
10:46.3,1431.00,0.000934,-0.008066
10:47.3,1432.00,0.000934,-0.008066
10:48.4,1433.00,0.000934,-0.008066
10:49.4,1434.00,0.000934,-0.008066
10:50.4,1435.00,0.000934,-0.008066
10:51.4,1436.00,0.000934,-0.008066
10:52.4,1437.00,0.000934,-0.008066
10:53.5,1438.00,0.000934,-0.008066
10:54.5,1439.00,0.000934,-0.008066
10:55.5,1440.00,0.000934,-0.008066
10:56.5,1441.00,0.000934,-0.008066
10:57.5,1442.00,0.000934,-0.008066
10:58.5,1443.00,0.000934,-0.008066
10:59.5,1444.00,0.000934,-0.008066
11:00.6,1445.00,0.000934,-0.008066
11:01.6,1446.00,0.000934,-0.008066
11:02.6,1447.00,0.000933,-0.008067
11:03.6,1448.00,0.000933,-0.008067
11:04.6,1449.00,0.000934,-0.008066
11:05.6,1450.00,0.000934,-0.008066
11:06.6,1451.00,0.000934,-0.008066
11:07.7,1452.00,0.000934,-0.008066
11:08.7,1453.00,0.000933,-0.008067
11:09.7,1454.00,0.000934,-0.008066
11:10.7,1455.00,0.000934,-0.008066
11:11.8,1456.00,0.000934,-0.008066
11:12.8,1457.00,0.000933,-0.008067
11:13.8,1458.00,0.000933,-0.008067
11:14.8,1459.00,0.000933,-0.008067
11:15.8,1460.00,0.000933,-0.008067
11:16.8,1461.00,0.000933,-0.008067
11:17.8,1462.00,0.000933,-0.008067
11:18.8,1463.00,0.000933,-0.008067
11:19.9,1464.00,0.000933,-0.008067
11:20.9,1465.00,0.000933,-0.008067
11:21.9,1466.00,0.000933,-0.008067
11:22.9,1467.00,0.000933,-0.008067
11:23.9,1468.00,0.000933,-0.008067
11:24.9,1469.00,0.000933,-0.008067
11:25.9,1470.00,0.000933,-0.008067
11:27.0,1471.00,0.000933,-0.008067
11:28.0,1472.00,0.000933,-0.008067
11:29.0,1473.00,0.000933,-0.008067
11:30.0,1474.00,0.000933,-0.008067
11:31.0,1475.00,0.000933,-0.008067
11:32.0,1476.00,0.000933,-0.008067
11:33.1,1477.00,0.000933,-0.008067
11:34.1,1478.00,0.000933,-0.008067
11:35.1,1479.00,0.000933,-0.008067
11:36.1,1480.00,0.000933,-0.008067
11:37.1,1481.00,0.000933,-0.008067
11:38.2,1482.00,0.000933,-0.008067
11:39.2,1483.00,0.000933,-0.008067
11:40.2,1484.00,0.000933,-0.008067
11:41.2,1485.00,0.000933,-0.008067
11:42.3,1486.00,0.000933,-0.008067
11:43.3,1487.00,0.000933,-0.008067
11:44.3,1488.00,0.000933,-0.008067
11:45.3,1489.00,0.000933,-0.008067
11:46.3,1490.00,0.000933,-0.008067
11:47.3,1491.00,0.000933,-0.008067
11:48.4,1492.00,0.000933,-0.008067
11:49.4,1493.00,0.000933,-0.008067
11:50.4,1494.00,0.000933,-0.008067
11:51.4,1495.00,0.000933,-0.008067
11:52.4,1496.00,0.000933,-0.008067
11:53.4,1497.00,0.000933,-0.008067
11:54.5,1498.00,0.000933,-0.008067
11:55.5,1499.00,0.000933,-0.008067
11:56.5,1500.00,0.000933,-0.008067
